AlbumRefId,ArtifactRefId,Description
6638f764-c00e-4703-bc2d-48b717fa164b,10c6ea65-6ccb-4139-afd4-d16d13373ae0,
6638f764-c00e-4703-bc2d-48b717fa164b,a26e4c69-0af1-4f34-a0ba-921879342a49,
6638f764-c00e-4703-bc2d-48b717fa164b,8398daad-01fc-488f-8bc4-23da67d95775,
6638f764-c00e-4703-bc2d-48b717fa164b,723eba14-1eec-4f9a-9808-aac59ed91501,
6638f764-c00e-4703-bc2d-48b717fa164b,dbd94f2a-a3e9-4768-9e64-735417d83cdd,
6638f764-c00e-4703-bc2d-48b717fa164b,e577a30f-ab57-46be-a34b-db19ff69a460,
6638f764-c00e-4703-bc2d-48b717fa164b,993db8d6-d16c-4108-b248-9de8f29d7fd3,
6638f764-c00e-4703-bc2d-48b717fa164b,adce8067-bba9-462b-b9d8-5161007598a1,
6638f764-c00e-4703-bc2d-48b717fa164b,afa56178-27f8-420b-bd58-f6a837f3a624,
6638f764-c00e-4703-bc2d-48b717fa164b,2f47fb6c-7f2b-4c0c-959e-4a049934cdca,
6638f764-c00e-4703-bc2d-48b717fa164b,d8d114dc-ff55-4bf1-a2fc-7c38d973b544,
6638f764-c00e-4703-bc2d-48b717fa164b,d6238170-0553-43e8-acf6-624056cb6c63,
1c526c25-96db-4fae-ad77-8118e597e9a7,bab7dbc7-a8ca-4524-a17c-4c7c690b17fd,
1c526c25-96db-4fae-ad77-8118e597e9a7,f3311d4b-f13c-4ad8-ae92-c9abb8dabc1b,
1c526c25-96db-4fae-ad77-8118e597e9a7,93597ecc-6c9c-4a54-b35f-bc14acc79703,
1c526c25-96db-4fae-ad77-8118e597e9a7,fb210ab6-d8a1-4cac-a755-10f161430608,
1c526c25-96db-4fae-ad77-8118e597e9a7,5c047df7-7ece-4343-a506-31e5119ad1f4,
1c526c25-96db-4fae-ad77-8118e597e9a7,e8a82be7-030a-43f8-b8d8-68a1bc51c817,
1c526c25-96db-4fae-ad77-8118e597e9a7,936e1a03-b3ff-42f2-8f89-de2cad09c796,
1c526c25-96db-4fae-ad77-8118e597e9a7,c67328ae-776b-4278-8881-ff3eb965fcb5,
1c526c25-96db-4fae-ad77-8118e597e9a7,5bac027e-1882-483d-b1ff-3943d4a0ed44,
1c526c25-96db-4fae-ad77-8118e597e9a7,ae0b7c5a-e148-49c3-bcd1-146e341461e5,
1c526c25-96db-4fae-ad77-8118e597e9a7,8fd3c9c1-af0c-46c8-87f6-4a53d5bc8339,
1c526c25-96db-4fae-ad77-8118e597e9a7,8d2468cf-0f96-4475-a76b-3654599b9e76,
1c526c25-96db-4fae-ad77-8118e597e9a7,1900cb3e-369b-41a3-98c1-4dbc0cee1ee3,
1c526c25-96db-4fae-ad77-8118e597e9a7,04ab1af6-ebbb-4529-8ab8-bf51ccf1acd4,
1c526c25-96db-4fae-ad77-8118e597e9a7,3363b89c-5b5d-4645-9c1d-7b0dc49d7b81,
1c526c25-96db-4fae-ad77-8118e597e9a7,eb82ce00-a619-446e-b21e-f054ed7ffe59,
1c526c25-96db-4fae-ad77-8118e597e9a7,38234f35-148e-4226-9c6e-12689b94b7ad,
1c526c25-96db-4fae-ad77-8118e597e9a7,3a5f5eeb-10b5-402b-b837-3c2af26eff44,
1c526c25-96db-4fae-ad77-8118e597e9a7,80b638cf-d52b-49cb-86cb-028e10403d0b,
1c526c25-96db-4fae-ad77-8118e597e9a7,341c7a72-1a44-4dbd-b184-f2bb7fe0ef33,
1c526c25-96db-4fae-ad77-8118e597e9a7,89e03bf8-0f76-4a13-b1cc-61fcf3edfd7b,
1c526c25-96db-4fae-ad77-8118e597e9a7,c4d413ae-6cc7-457d-9c49-c9259b80eac9,
1c526c25-96db-4fae-ad77-8118e597e9a7,13fa8d2b-db74-4af4-bd6c-444bd165b93a,
efb71410-61a2-4005-b1ec-7f06c7bc4435,d86e6329-8fad-4bfa-8f12-466babdb3572,
efb71410-61a2-4005-b1ec-7f06c7bc4435,a294301c-8946-4c9c-8c69-981fc4e07785,
efb71410-61a2-4005-b1ec-7f06c7bc4435,1e6a717c-3a15-4c5b-b277-e113bb8430e3,
efb71410-61a2-4005-b1ec-7f06c7bc4435,da90aa8f-6995-4ded-baf2-13707f9f5696,
efb71410-61a2-4005-b1ec-7f06c7bc4435,1e2b7195-0f89-48e2-8b6d-5145ef896696,
efb71410-61a2-4005-b1ec-7f06c7bc4435,f1eb35ac-dbd1-4b47-8e34-af00b8d72e86,
efb71410-61a2-4005-b1ec-7f06c7bc4435,10f3f9c6-5857-4c52-851b-6fe32ff850ab,
efb71410-61a2-4005-b1ec-7f06c7bc4435,342e9c44-2781-4137-9070-2e072998a932,
efb71410-61a2-4005-b1ec-7f06c7bc4435,e486585e-0c7d-49ab-947e-b2044ac0403f,
efb71410-61a2-4005-b1ec-7f06c7bc4435,1ef92747-fb17-402f-b0b4-6672bd0e2aff,
efb71410-61a2-4005-b1ec-7f06c7bc4435,af14a253-a572-483d-b240-afe1bbed61f3,
efb71410-61a2-4005-b1ec-7f06c7bc4435,abdbf17b-c482-423a-bf1a-a2095808697b,
efb71410-61a2-4005-b1ec-7f06c7bc4435,1ef66fba-54b2-4eb2-9666-210794b50203,
efb71410-61a2-4005-b1ec-7f06c7bc4435,b03f5caf-8e07-4371-a54e-7cda0f7e0ce5,
efb71410-61a2-4005-b1ec-7f06c7bc4435,8bad396c-d802-488a-aa25-b3c11298d058,
efb71410-61a2-4005-b1ec-7f06c7bc4435,576f9f4e-8335-4509-a854-4e9b31d1d3ff,
efb71410-61a2-4005-b1ec-7f06c7bc4435,627beefc-aab3-4fa2-afdd-f4af247b5ffa,
efb71410-61a2-4005-b1ec-7f06c7bc4435,788a8312-75d8-445d-9213-e209d5c5e69c,
efb71410-61a2-4005-b1ec-7f06c7bc4435,7d53b0dc-296d-4499-80b4-b46717b4381d,
efb71410-61a2-4005-b1ec-7f06c7bc4435,9f657b89-af1a-4971-976c-cdbeed604b23,
efb71410-61a2-4005-b1ec-7f06c7bc4435,8cc65fe1-0015-4854-9c17-3ec75790470c,
efb71410-61a2-4005-b1ec-7f06c7bc4435,ee8c2d32-52a3-4240-a6bd-039f54049e86,
efb71410-61a2-4005-b1ec-7f06c7bc4435,ef3367e0-e670-4070-a603-c4a75ad4cf26,
efb71410-61a2-4005-b1ec-7f06c7bc4435,6ee4dd0e-6b4e-4ecc-af14-2614dece5dd0,
efb71410-61a2-4005-b1ec-7f06c7bc4435,286bed03-9f2e-41c3-a5a1-7bcb215e61a7,
efb71410-61a2-4005-b1ec-7f06c7bc4435,e3a5ccde-40f2-4dfd-90a8-1e611b4b068b,
efb71410-61a2-4005-b1ec-7f06c7bc4435,ff9bf82d-b6c4-43be-9229-be9ec52a5294,
efb71410-61a2-4005-b1ec-7f06c7bc4435,a5743deb-6b76-4d8e-a3c5-948da134cab0,
efb71410-61a2-4005-b1ec-7f06c7bc4435,11dfa181-c098-4b9f-9676-fc66fddcdaaf,
efb71410-61a2-4005-b1ec-7f06c7bc4435,50a4720d-a4af-4de9-b106-a4a9758382fd,
efb71410-61a2-4005-b1ec-7f06c7bc4435,8cc76104-f829-4526-a4cb-75486086345c,
efb71410-61a2-4005-b1ec-7f06c7bc4435,7efb5330-6452-4c84-8198-d7e11ec099ea,
efb71410-61a2-4005-b1ec-7f06c7bc4435,b99f9a26-27bd-4d23-b4ab-adfff568fb04,
efb71410-61a2-4005-b1ec-7f06c7bc4435,b6182193-711f-4777-b2a0-6c5df01f3538,
efb71410-61a2-4005-b1ec-7f06c7bc4435,4733fc2c-1e70-4765-8a07-4ecf87d1ea94,
efb71410-61a2-4005-b1ec-7f06c7bc4435,67ccf156-9959-46f2-b08e-5709267c5aaa,
efb71410-61a2-4005-b1ec-7f06c7bc4435,2a6321d3-b2e9-41f7-a55c-2d2c02e1f406,
efb71410-61a2-4005-b1ec-7f06c7bc4435,8b2840a1-7780-44fd-a4b3-5e825587b4d7,
efb71410-61a2-4005-b1ec-7f06c7bc4435,62ac76f9-a7f6-49d0-9a1d-f209b0f86573,
efb71410-61a2-4005-b1ec-7f06c7bc4435,8778215b-c5ba-4348-b690-0ed97e6b9b0d,
9f9c5fad-aea4-4f92-9ec3-71ee87a4a619,d67c740d-7f1a-4375-9735-75f8c4bedfcb,
9f9c5fad-aea4-4f92-9ec3-71ee87a4a619,2aa9eea4-7d36-435b-8397-7f7a4268b14e,
9f9c5fad-aea4-4f92-9ec3-71ee87a4a619,841772fe-85a2-461e-878c-0949d53dc6e5,
9f9c5fad-aea4-4f92-9ec3-71ee87a4a619,b857f021-3298-4eaa-9b88-7edde04569fb,
9f9c5fad-aea4-4f92-9ec3-71ee87a4a619,ece81ed5-9310-41d9-b69b-5352404aa217,
9f9c5fad-aea4-4f92-9ec3-71ee87a4a619,8713b3c0-b5ab-4569-abad-6426203197df,
9f9c5fad-aea4-4f92-9ec3-71ee87a4a619,0f93aca8-d927-4607-b750-2a9f3ffbaeba,
9f9c5fad-aea4-4f92-9ec3-71ee87a4a619,76b04efc-a840-45fb-bab1-a47ef4865727,
9f9c5fad-aea4-4f92-9ec3-71ee87a4a619,0fcd69f3-c211-48e0-aa3c-769649b1c95c,
9f9c5fad-aea4-4f92-9ec3-71ee87a4a619,dc82ff4d-a623-4675-b8c2-ecdc839ad82f,
9f9c5fad-aea4-4f92-9ec3-71ee87a4a619,098ef1c2-9db3-470f-a858-743307dfa5cd,
9f9c5fad-aea4-4f92-9ec3-71ee87a4a619,9e1f860b-3d55-4a3f-ab22-c2cfaca91238,
9f9c5fad-aea4-4f92-9ec3-71ee87a4a619,065372ac-91f4-45f2-b4dd-0296022e04e5,
9f9c5fad-aea4-4f92-9ec3-71ee87a4a619,fa9a2cd2-fcb7-4d8d-bb0c-c62c6bf046f3,
9f9c5fad-aea4-4f92-9ec3-71ee87a4a619,fb1dafde-a5f1-4776-9a00-2aa0b3a4a124,
b470ea4a-5aa6-403f-a6ec-bfa9d6b77e2a,65e8760e-c2e7-4897-a48f-66c170aa2ecc,
b470ea4a-5aa6-403f-a6ec-bfa9d6b77e2a,3af169d2-27c6-43e8-ace7-f5f749df69a3,
b470ea4a-5aa6-403f-a6ec-bfa9d6b77e2a,e62e9e34-1b1b-4314-844f-a9732103fcda,
b470ea4a-5aa6-403f-a6ec-bfa9d6b77e2a,0dd53786-e4e6-4aba-b003-3c3d4b85d230,
b470ea4a-5aa6-403f-a6ec-bfa9d6b77e2a,46619ea8-879d-4005-b184-6e1bd0ff5570,
b470ea4a-5aa6-403f-a6ec-bfa9d6b77e2a,9a252864-c055-4c5f-b503-22ea59cf6cbb,
b470ea4a-5aa6-403f-a6ec-bfa9d6b77e2a,c26da1a2-1265-4cd6-9f7c-576d29a8b21c,
b470ea4a-5aa6-403f-a6ec-bfa9d6b77e2a,1701081c-3755-44d9-b506-664084f8bac3,
b470ea4a-5aa6-403f-a6ec-bfa9d6b77e2a,0df51302-962a-40b5-8aad-869b96072f5f,
b470ea4a-5aa6-403f-a6ec-bfa9d6b77e2a,cc795567-e183-4672-90ba-422818301a93,
b470ea4a-5aa6-403f-a6ec-bfa9d6b77e2a,0ec7806b-a467-4ee2-83fa-73ba995d9be4,
b470ea4a-5aa6-403f-a6ec-bfa9d6b77e2a,51b62441-f042-42db-b4c4-ba8a4cacb6b7,
b470ea4a-5aa6-403f-a6ec-bfa9d6b77e2a,7d00469e-c3b7-4d39-a76d-5cbafc701b8c,
b470ea4a-5aa6-403f-a6ec-bfa9d6b77e2a,2da850ea-65ca-4c2c-8cc2-f260c23d1060,
b470ea4a-5aa6-403f-a6ec-bfa9d6b77e2a,27ec0cf2-df4e-4784-ad91-6bdbc6a7d039,
b470ea4a-5aa6-403f-a6ec-bfa9d6b77e2a,8789a948-24bb-4c9d-b60c-3de4ef2a1940,
b470ea4a-5aa6-403f-a6ec-bfa9d6b77e2a,e4ab051b-bc42-41c5-a4c5-9950eb200754,
b470ea4a-5aa6-403f-a6ec-bfa9d6b77e2a,2f7ebb07-4556-4fe3-a4b8-dbbdbc35e5a1,
b470ea4a-5aa6-403f-a6ec-bfa9d6b77e2a,2f4cacb1-2704-45cc-98c9-f524eea7e83a,
b470ea4a-5aa6-403f-a6ec-bfa9d6b77e2a,bf5ec9cc-57f5-4c22-80fe-98a8a0606ed9,
b470ea4a-5aa6-403f-a6ec-bfa9d6b77e2a,a1e8bf63-beae-4fc7-810e-57875788e5df,
b470ea4a-5aa6-403f-a6ec-bfa9d6b77e2a,fda4b8dc-22da-40b4-bb4c-66a003aad5c5,
b470ea4a-5aa6-403f-a6ec-bfa9d6b77e2a,3ecb27e4-58b7-4b68-9748-bf024339f57f,
b470ea4a-5aa6-403f-a6ec-bfa9d6b77e2a,d48e4aa5-17eb-44bf-a0ab-0cb49445272e,
b470ea4a-5aa6-403f-a6ec-bfa9d6b77e2a,56eeb7dd-d829-41bf-a385-c578096034a2,
b470ea4a-5aa6-403f-a6ec-bfa9d6b77e2a,ab4f0175-6638-436f-9be6-2a3b5fbeb46d,
b470ea4a-5aa6-403f-a6ec-bfa9d6b77e2a,f096953e-531b-4c31-aaae-f03c2dfe7ec9,
b470ea4a-5aa6-403f-a6ec-bfa9d6b77e2a,21680c24-e196-4f2a-b2e7-c1004241fa73,
b470ea4a-5aa6-403f-a6ec-bfa9d6b77e2a,43e59e67-87ee-4266-a853-b82673c9f5ae,
b470ea4a-5aa6-403f-a6ec-bfa9d6b77e2a,d54d2506-0827-4d0e-8a4d-471fd2c6923a,
b470ea4a-5aa6-403f-a6ec-bfa9d6b77e2a,c6a5e5e9-65cb-474f-a771-51932004effe,
b470ea4a-5aa6-403f-a6ec-bfa9d6b77e2a,956bcae7-640e-4361-8f78-db3924a012ae,
b470ea4a-5aa6-403f-a6ec-bfa9d6b77e2a,fd22a1e2-a856-4f06-9e7c-10b60cbc74ed,
b470ea4a-5aa6-403f-a6ec-bfa9d6b77e2a,3be6ce8d-4dfd-4339-b3a5-bdd4fbd27f87,
b470ea4a-5aa6-403f-a6ec-bfa9d6b77e2a,c324aec6-80a7-4cb7-b2e8-8aee9f17949a,
b470ea4a-5aa6-403f-a6ec-bfa9d6b77e2a,def04fb9-2546-4707-af52-24ae00a39ee4,
b470ea4a-5aa6-403f-a6ec-bfa9d6b77e2a,604893bf-fe3b-4d46-a067-7cf5ca233490,
b470ea4a-5aa6-403f-a6ec-bfa9d6b77e2a,e62d363e-1f13-4340-abf9-b5731daf4f5d,
b470ea4a-5aa6-403f-a6ec-bfa9d6b77e2a,3b302bc5-dff7-471d-8aa0-c77dedaf1180,
b470ea4a-5aa6-403f-a6ec-bfa9d6b77e2a,a211615d-eb97-4dfc-a2ee-f371e795e9f4,
b470ea4a-5aa6-403f-a6ec-bfa9d6b77e2a,401093a4-e06d-43eb-a116-e5f57452e9f6,
b470ea4a-5aa6-403f-a6ec-bfa9d6b77e2a,52ba509a-39aa-49be-86c4-b6581f59443b,
b470ea4a-5aa6-403f-a6ec-bfa9d6b77e2a,3c51a0b6-33b9-41ee-8b0c-bae2bf59284c,
b470ea4a-5aa6-403f-a6ec-bfa9d6b77e2a,00acef3d-23cd-485f-a1cd-745791c13134,
b470ea4a-5aa6-403f-a6ec-bfa9d6b77e2a,572fa7b7-a6ba-4460-83a4-f00456b23985,
b470ea4a-5aa6-403f-a6ec-bfa9d6b77e2a,2f41d671-4fe2-480f-9dbd-ba049e9e1c90,
b470ea4a-5aa6-403f-a6ec-bfa9d6b77e2a,e33bc0bd-336d-4353-9045-e90dff27b3da,
b470ea4a-5aa6-403f-a6ec-bfa9d6b77e2a,05e2cc96-8749-49f2-a14b-aae87ed4e70c,
b470ea4a-5aa6-403f-a6ec-bfa9d6b77e2a,0ff80cfc-cafd-4dcd-8333-ec9be4be4119,
b470ea4a-5aa6-403f-a6ec-bfa9d6b77e2a,e8e9beef-fc58-4df1-829f-96ba6d565d00,
b470ea4a-5aa6-403f-a6ec-bfa9d6b77e2a,2c4a6ce5-d2c4-4755-8abe-7015c765a6ca,
b470ea4a-5aa6-403f-a6ec-bfa9d6b77e2a,c0e592d8-f4f9-4f79-8702-e09678930803,
b470ea4a-5aa6-403f-a6ec-bfa9d6b77e2a,be2df1b0-cbbf-4dec-9318-7903150da64b,
b470ea4a-5aa6-403f-a6ec-bfa9d6b77e2a,7da60ab2-fe9b-456f-a107-c5fb908a45be,
b470ea4a-5aa6-403f-a6ec-bfa9d6b77e2a,44ccd48b-f75c-42c7-9796-35324fb65a4a,
b470ea4a-5aa6-403f-a6ec-bfa9d6b77e2a,71f16ae3-e6c0-4277-8889-63016d6fc815,
b470ea4a-5aa6-403f-a6ec-bfa9d6b77e2a,45d4b0b6-3709-44ed-b696-79256fa33ee7,
b470ea4a-5aa6-403f-a6ec-bfa9d6b77e2a,5aee858b-e3a2-458e-8687-6842d4b613bc,
b470ea4a-5aa6-403f-a6ec-bfa9d6b77e2a,f1f57dc6-e6f5-4b1c-ad13-7327999089d9,
b470ea4a-5aa6-403f-a6ec-bfa9d6b77e2a,5da49612-90e4-4f9d-a23d-322bd61a6d95,
b470ea4a-5aa6-403f-a6ec-bfa9d6b77e2a,3798befe-622c-499a-bf07-2ce7e9254d74,
b470ea4a-5aa6-403f-a6ec-bfa9d6b77e2a,5d18d979-5cf8-4b04-9686-65a2c5aedcf0,
b470ea4a-5aa6-403f-a6ec-bfa9d6b77e2a,17cf6003-5bb9-4dec-8f0f-394cada77c2f,
b470ea4a-5aa6-403f-a6ec-bfa9d6b77e2a,d67c6af6-2f30-4613-8c7a-9c9a174fd5bb,
b470ea4a-5aa6-403f-a6ec-bfa9d6b77e2a,f1908ca0-1f87-4db5-aae1-0fca1790bb55,
b470ea4a-5aa6-403f-a6ec-bfa9d6b77e2a,59ed4b92-9904-4190-abb3-a4d88110f5b2,
b470ea4a-5aa6-403f-a6ec-bfa9d6b77e2a,f34819de-3ada-418e-899a-d3195daf95ce,
b470ea4a-5aa6-403f-a6ec-bfa9d6b77e2a,d946425b-0c47-4ffd-9e58-014eb9f80f58,
b470ea4a-5aa6-403f-a6ec-bfa9d6b77e2a,e27b84dc-1951-4d2a-b4cd-0cc25de0a776,
b470ea4a-5aa6-403f-a6ec-bfa9d6b77e2a,78c49636-f57b-48da-8de4-58bb111e8481,
b470ea4a-5aa6-403f-a6ec-bfa9d6b77e2a,de9fb5e0-799b-4bbd-ac1e-919e7043bf59,
b470ea4a-5aa6-403f-a6ec-bfa9d6b77e2a,112593e8-7bb0-4379-8b32-76dfa0208d3a,
b470ea4a-5aa6-403f-a6ec-bfa9d6b77e2a,f3f98f6f-26f7-40cf-9ae5-fbe9d8d89c41,
b470ea4a-5aa6-403f-a6ec-bfa9d6b77e2a,eaa3527e-78f8-46ac-9fe4-8f86d166c21e,
b470ea4a-5aa6-403f-a6ec-bfa9d6b77e2a,ef958f54-4b98-4656-b163-f5c8e9e3c8ea,
b470ea4a-5aa6-403f-a6ec-bfa9d6b77e2a,1184b327-ae29-4d88-8403-b9333f34a349,
b470ea4a-5aa6-403f-a6ec-bfa9d6b77e2a,fedcfacd-b974-430a-bd16-e7dbc2f0d7e5,
b470ea4a-5aa6-403f-a6ec-bfa9d6b77e2a,82576102-618a-4dfa-a016-02fe64f758e1,
b470ea4a-5aa6-403f-a6ec-bfa9d6b77e2a,53cede0a-748a-4274-8947-7e81a9eed32b,
b470ea4a-5aa6-403f-a6ec-bfa9d6b77e2a,4f055e71-8411-46eb-80fe-97954fdc82bf,
b470ea4a-5aa6-403f-a6ec-bfa9d6b77e2a,fcffcb9d-17ee-4e42-abec-655903b376ca,
b470ea4a-5aa6-403f-a6ec-bfa9d6b77e2a,89fb6e13-505c-4e1b-b586-4a55557a5a4e,
b470ea4a-5aa6-403f-a6ec-bfa9d6b77e2a,e64772aa-6c47-4f44-9d84-8b1e4750ac34,
b470ea4a-5aa6-403f-a6ec-bfa9d6b77e2a,f01c3a37-24c3-4c00-8a85-c4c1685992c2,
b470ea4a-5aa6-403f-a6ec-bfa9d6b77e2a,b0b6b697-2417-4005-955d-169aa088e3a7,
b470ea4a-5aa6-403f-a6ec-bfa9d6b77e2a,5a8d3a71-b511-4b47-9a66-a38cc74e08b4,
b470ea4a-5aa6-403f-a6ec-bfa9d6b77e2a,a3aec08d-3d6a-4107-971a-cc853e45c3ef,
b470ea4a-5aa6-403f-a6ec-bfa9d6b77e2a,d9c7c78c-c0fd-4a0c-bd71-1eae54306109,
b470ea4a-5aa6-403f-a6ec-bfa9d6b77e2a,b0ed76a7-65d9-4c5f-b866-111b4f07280b,
b470ea4a-5aa6-403f-a6ec-bfa9d6b77e2a,82d84de6-3dae-4605-8145-9c9a8c391b86,
b470ea4a-5aa6-403f-a6ec-bfa9d6b77e2a,1a2b01e4-95f8-410f-8855-d540ad9db5d7,
b470ea4a-5aa6-403f-a6ec-bfa9d6b77e2a,719bfdaa-7df0-4079-b2c8-82135364024c,
b470ea4a-5aa6-403f-a6ec-bfa9d6b77e2a,dc9e52bc-a023-40c4-bb1f-db710990a604,
b470ea4a-5aa6-403f-a6ec-bfa9d6b77e2a,26341a8c-b004-4dbf-b925-10fa5f3d4bb3,
b470ea4a-5aa6-403f-a6ec-bfa9d6b77e2a,aeff3571-caa4-4a15-b2d6-fab6a162a699,
b470ea4a-5aa6-403f-a6ec-bfa9d6b77e2a,a7800fdd-2528-4b0d-9e29-1674cab7353b,
b470ea4a-5aa6-403f-a6ec-bfa9d6b77e2a,1c8701ec-4d24-4554-b571-716badeac08d,
b470ea4a-5aa6-403f-a6ec-bfa9d6b77e2a,ce0b59e7-6546-4f66-9d60-5a3c8b9d5ba9,
b470ea4a-5aa6-403f-a6ec-bfa9d6b77e2a,a9ff7c88-6997-4095-a1b1-984b62934785,
b470ea4a-5aa6-403f-a6ec-bfa9d6b77e2a,7f0df032-0f5d-40cf-b80d-58c03d66c47b,
b470ea4a-5aa6-403f-a6ec-bfa9d6b77e2a,20dbcc03-0028-42f7-9963-cd6d8c1b02a0,
b470ea4a-5aa6-403f-a6ec-bfa9d6b77e2a,edccb1bb-77b2-4826-af3d-c9eba70e6f43,
b470ea4a-5aa6-403f-a6ec-bfa9d6b77e2a,8d3fe380-dcef-48a7-b69e-8417189360be,
b470ea4a-5aa6-403f-a6ec-bfa9d6b77e2a,d4b370c4-17e0-40b4-9316-c055b36e037f,
b470ea4a-5aa6-403f-a6ec-bfa9d6b77e2a,7a07cca9-1170-4942-973c-8bd00b34c6ed,
b470ea4a-5aa6-403f-a6ec-bfa9d6b77e2a,eda4be45-977a-4d9e-998a-6ab5fd794da0,
b470ea4a-5aa6-403f-a6ec-bfa9d6b77e2a,14c9e28f-9420-4531-af05-4db8a6a3a182,
b470ea4a-5aa6-403f-a6ec-bfa9d6b77e2a,c7c44f98-cf45-47b4-b7ba-5ae13428b8e1,
b470ea4a-5aa6-403f-a6ec-bfa9d6b77e2a,7ab031c2-6615-4580-b4a9-5b3a30d5c3a9,
b470ea4a-5aa6-403f-a6ec-bfa9d6b77e2a,dea92e22-14ea-4e9f-986b-2c434e400d55,
b470ea4a-5aa6-403f-a6ec-bfa9d6b77e2a,37d26ba5-e881-451f-b97b-9a612406e82e,
b470ea4a-5aa6-403f-a6ec-bfa9d6b77e2a,05c55286-2820-4e9c-89ef-dc2e7e4ee5d2,
b470ea4a-5aa6-403f-a6ec-bfa9d6b77e2a,7bd35307-b8b6-498d-b317-744e270f4b08,
b470ea4a-5aa6-403f-a6ec-bfa9d6b77e2a,89388d8a-e64d-45ee-b7ff-8e9c4b77d7ab,
b470ea4a-5aa6-403f-a6ec-bfa9d6b77e2a,56d0feab-e372-4804-8b18-101958cf0c09,
b470ea4a-5aa6-403f-a6ec-bfa9d6b77e2a,99efc512-b0ea-4763-b686-36fa1ea47f68,
b470ea4a-5aa6-403f-a6ec-bfa9d6b77e2a,3eb3a41f-c1ab-4e09-8c01-c76f868c9532,
b470ea4a-5aa6-403f-a6ec-bfa9d6b77e2a,08dc3543-7360-4489-973e-2486e7446164,
b470ea4a-5aa6-403f-a6ec-bfa9d6b77e2a,b8758760-beb5-4cc1-be81-390e58039a21,
b470ea4a-5aa6-403f-a6ec-bfa9d6b77e2a,e79c2572-8df7-432c-b4e1-e7e8ff241772,
b470ea4a-5aa6-403f-a6ec-bfa9d6b77e2a,a2c85bde-3004-48b8-b390-eda5521106f7,
b470ea4a-5aa6-403f-a6ec-bfa9d6b77e2a,521eb515-ad55-44fb-8734-3ed16a454262,
b470ea4a-5aa6-403f-a6ec-bfa9d6b77e2a,31096bb5-906e-48c8-afc7-1fa538965a12,
b470ea4a-5aa6-403f-a6ec-bfa9d6b77e2a,422a58a0-613a-4863-ad1f-85a39a18352c,
b470ea4a-5aa6-403f-a6ec-bfa9d6b77e2a,9adcf6aa-9b3c-4319-a09a-074121d8ba85,
b470ea4a-5aa6-403f-a6ec-bfa9d6b77e2a,0ad32577-e271-4872-a538-258225203fb5,
b470ea4a-5aa6-403f-a6ec-bfa9d6b77e2a,d37dd432-e877-4f41-8b76-d1654f4c6d63,
b470ea4a-5aa6-403f-a6ec-bfa9d6b77e2a,4413cd57-28c2-4868-bad0-3e5f31444d21,
b470ea4a-5aa6-403f-a6ec-bfa9d6b77e2a,d14baaf3-4380-4335-9de9-298c149cc28b,
b470ea4a-5aa6-403f-a6ec-bfa9d6b77e2a,b2d45964-f8c1-4b8e-97b7-51c5703578b3,
b470ea4a-5aa6-403f-a6ec-bfa9d6b77e2a,a5743deb-6b76-4d8e-a3c5-948da134cab0,
b470ea4a-5aa6-403f-a6ec-bfa9d6b77e2a,777aeece-5253-43e4-8c75-519940c156da,
b470ea4a-5aa6-403f-a6ec-bfa9d6b77e2a,e9fa4d98-81cc-461d-9b74-f3c5149ba96a,
b470ea4a-5aa6-403f-a6ec-bfa9d6b77e2a,ed1a957a-4a49-429b-bc7d-d0b581cc51d3,
b470ea4a-5aa6-403f-a6ec-bfa9d6b77e2a,edf8b28a-74a9-43c2-93e8-321706231086,
b470ea4a-5aa6-403f-a6ec-bfa9d6b77e2a,0eea01e4-7da6-4982-b996-a0480e2fb4ac,
b470ea4a-5aa6-403f-a6ec-bfa9d6b77e2a,509b46fc-b279-41c3-9e57-278198b550f7,
b470ea4a-5aa6-403f-a6ec-bfa9d6b77e2a,48ab607f-f1d0-45a5-9e80-d6b9e7f3dec3,
b470ea4a-5aa6-403f-a6ec-bfa9d6b77e2a,fa154f7c-4135-4cd7-a903-5b198169812c,
b470ea4a-5aa6-403f-a6ec-bfa9d6b77e2a,35ebdfa4-7ddf-4c73-bc7f-fd027a854897,
b470ea4a-5aa6-403f-a6ec-bfa9d6b77e2a,16617f99-0504-455e-86df-cc00536d2d01,
b470ea4a-5aa6-403f-a6ec-bfa9d6b77e2a,dea3a6f4-70ed-48c8-a4d4-2d689a58f708,
b470ea4a-5aa6-403f-a6ec-bfa9d6b77e2a,4b861c36-cbf4-4db0-95ce-7b4b91c3ab0d,
b470ea4a-5aa6-403f-a6ec-bfa9d6b77e2a,6e338897-9194-424e-a967-a574238cb117,
b470ea4a-5aa6-403f-a6ec-bfa9d6b77e2a,c4fc1d23-d48c-48ba-9b0c-435a99f9eb69,
b470ea4a-5aa6-403f-a6ec-bfa9d6b77e2a,ca3ee8e0-c290-4c45-8431-bffc89fb5d8b,
b470ea4a-5aa6-403f-a6ec-bfa9d6b77e2a,e919132f-496a-4d13-b7a6-cf194fef79ec,
b470ea4a-5aa6-403f-a6ec-bfa9d6b77e2a,05a1832c-2bdc-42d3-974f-91d9bf0095ac,
b470ea4a-5aa6-403f-a6ec-bfa9d6b77e2a,68c94bfb-d351-438e-8d78-74db3671307c,
b470ea4a-5aa6-403f-a6ec-bfa9d6b77e2a,79d06dc5-c45d-4879-acb4-520e848d88ee,
b470ea4a-5aa6-403f-a6ec-bfa9d6b77e2a,2e09f945-729c-4183-aab2-17d9a580a892,
b470ea4a-5aa6-403f-a6ec-bfa9d6b77e2a,dac5f21b-ff19-4799-8527-55d93bb2cd00,
b470ea4a-5aa6-403f-a6ec-bfa9d6b77e2a,b5da2d4f-e0d0-4ca2-a059-c29f5223d79c,
b470ea4a-5aa6-403f-a6ec-bfa9d6b77e2a,91d62fac-96d6-40d2-a8d6-1fafade9fe49,
b470ea4a-5aa6-403f-a6ec-bfa9d6b77e2a,3e7d7b05-2df5-4c9c-8855-020ba8c629c7,
b470ea4a-5aa6-403f-a6ec-bfa9d6b77e2a,f3ef62ad-1948-4f61-953b-a234a1d13877,
b470ea4a-5aa6-403f-a6ec-bfa9d6b77e2a,bc55c122-312c-43b3-83b6-c1d8a9b3f59c,
b470ea4a-5aa6-403f-a6ec-bfa9d6b77e2a,f77d64ca-fb83-4111-97cd-5e3588cfd7b3,
b470ea4a-5aa6-403f-a6ec-bfa9d6b77e2a,39792d7b-4cdc-4edb-bb13-1f3a38a95281,
b470ea4a-5aa6-403f-a6ec-bfa9d6b77e2a,42dd1c0f-f629-4ffa-85c1-c66461457c0b,
d0a4c4c1-ad43-4081-a785-12ef2c16d29a,fe628881-63d2-4ab0-8d4e-8ee91ee54062,
d0a4c4c1-ad43-4081-a785-12ef2c16d29a,b4602c81-0b9c-4a1f-82b2-b436051e8abc,
d0a4c4c1-ad43-4081-a785-12ef2c16d29a,fc8ce17e-bfa0-4a61-9de2-82b2f7cd7bba,
d0a4c4c1-ad43-4081-a785-12ef2c16d29a,127d1ca0-310a-445c-9065-f64f0c04adb8,
d0a4c4c1-ad43-4081-a785-12ef2c16d29a,82c84d32-b9fd-4818-bc18-1ff5cbb76c99,
d0a4c4c1-ad43-4081-a785-12ef2c16d29a,7648edd5-1955-4517-8fbd-5c0ded9ebca3,
d0a4c4c1-ad43-4081-a785-12ef2c16d29a,1c80b062-aa21-441e-9fd9-e2abda20472a,
d0a4c4c1-ad43-4081-a785-12ef2c16d29a,591a7fc6-cde4-429d-8167-7b673bc9d2c9,
d0a4c4c1-ad43-4081-a785-12ef2c16d29a,3ab8e619-c8b7-4e7c-af32-577df4a58c66,
d0a4c4c1-ad43-4081-a785-12ef2c16d29a,cdeca91f-d601-4154-909d-9a56f9d18e77,
d0a4c4c1-ad43-4081-a785-12ef2c16d29a,498b9287-b698-42da-805f-ddb07f24e0e4,
d0a4c4c1-ad43-4081-a785-12ef2c16d29a,d2a73cd9-92ed-431e-9525-ebc13b3edc85,
d0a4c4c1-ad43-4081-a785-12ef2c16d29a,9104ca8a-51a3-4b20-ba5d-cfae815adcc3,
d0a4c4c1-ad43-4081-a785-12ef2c16d29a,05596af5-07d6-429b-8533-08bea5ea2ef6,
d0a4c4c1-ad43-4081-a785-12ef2c16d29a,2aa6361f-5148-4176-8435-a29bb2115438,
d0a4c4c1-ad43-4081-a785-12ef2c16d29a,91c755f8-9440-4601-8040-bc5166f3c582,
d0a4c4c1-ad43-4081-a785-12ef2c16d29a,fd92311e-8311-4693-9ff8-235e06e16894,
d0a4c4c1-ad43-4081-a785-12ef2c16d29a,b0c933dc-a6d4-4561-a18c-435c7f22810e,
d0a4c4c1-ad43-4081-a785-12ef2c16d29a,f0021aa6-f636-4475-a50f-0c28088f43b7,
d0a4c4c1-ad43-4081-a785-12ef2c16d29a,ec514cda-df4b-4e60-bf72-0db7185561a8,
d0a4c4c1-ad43-4081-a785-12ef2c16d29a,f9d19cd7-c215-44a6-967d-c651cdff6ccb,
d0a4c4c1-ad43-4081-a785-12ef2c16d29a,25684aed-f56c-4384-83e0-4f45fa71693e,
d0a4c4c1-ad43-4081-a785-12ef2c16d29a,ed6dd012-fe72-4c6b-9623-d467323d7ecb,
d0a4c4c1-ad43-4081-a785-12ef2c16d29a,5152f80f-cd3a-457a-8d2b-19afc5bda9e6,
d0a4c4c1-ad43-4081-a785-12ef2c16d29a,403a52a3-57f7-496d-9190-e0c6125a8062,
d0a4c4c1-ad43-4081-a785-12ef2c16d29a,8b9adf28-e4f1-4ace-b91a-4854e870fc84,
d0a4c4c1-ad43-4081-a785-12ef2c16d29a,fa521b07-74ae-4ac0-8b3e-3bed3215977c,
d0a4c4c1-ad43-4081-a785-12ef2c16d29a,aa5828c0-3352-4745-a0fa-4c4510ff57d0,
d0a4c4c1-ad43-4081-a785-12ef2c16d29a,32813f7f-9567-4273-822c-1693976c3b46,
d0a4c4c1-ad43-4081-a785-12ef2c16d29a,e1dd6caf-8cf2-43a0-b1d4-1a85930c16d8,
d0a4c4c1-ad43-4081-a785-12ef2c16d29a,20dc5335-f525-4900-9851-c973f788bbe3,
d0a4c4c1-ad43-4081-a785-12ef2c16d29a,5cd1e4b8-5cad-4b05-8b0e-0fe73c1a296c,
d0a4c4c1-ad43-4081-a785-12ef2c16d29a,521351cd-f7e8-4856-86c9-75cd9617f835,
d0a4c4c1-ad43-4081-a785-12ef2c16d29a,621e9945-e2ea-429a-9fbf-03f4572ebbce,
d0a4c4c1-ad43-4081-a785-12ef2c16d29a,b4add6a0-199b-4997-a8cb-639b703bf3ba,
d0a4c4c1-ad43-4081-a785-12ef2c16d29a,9739fda1-4b35-4eee-9306-870682d434a9,
d0a4c4c1-ad43-4081-a785-12ef2c16d29a,cda57048-aae0-4686-85c2-5b6e56baa664,
d0a4c4c1-ad43-4081-a785-12ef2c16d29a,14d5c967-f5a0-4269-abf3-9acd962555ea,
d0a4c4c1-ad43-4081-a785-12ef2c16d29a,0f0f4ec3-64a4-4aed-a363-c5d9c8594840,
d0a4c4c1-ad43-4081-a785-12ef2c16d29a,b34d6376-5b2d-4b92-a8af-60aa1921485b,
d0a4c4c1-ad43-4081-a785-12ef2c16d29a,e4950bc3-a3a1-408b-9a51-fe9e4d2b618a,
d0a4c4c1-ad43-4081-a785-12ef2c16d29a,321ffa67-365f-4914-9407-2ba8b3d52e2b,
d0a4c4c1-ad43-4081-a785-12ef2c16d29a,69a3de5e-471a-49fa-ae85-9d940bddb8e2,
d0a4c4c1-ad43-4081-a785-12ef2c16d29a,0b92bddf-723c-46c0-a4f5-b828012895ae,
d0a4c4c1-ad43-4081-a785-12ef2c16d29a,e00706df-8b1f-496f-80fa-6581cf0827c0,
d0a4c4c1-ad43-4081-a785-12ef2c16d29a,88d54509-efa5-4f19-ba27-8938e263aeee,
d0a4c4c1-ad43-4081-a785-12ef2c16d29a,20777c2f-52fe-4ca8-822c-e42868d1a354,
d0a4c4c1-ad43-4081-a785-12ef2c16d29a,fbd86bcc-c5bc-4f22-9240-2a1d900f2160,
d0a4c4c1-ad43-4081-a785-12ef2c16d29a,95280b98-7046-4925-9a02-f327fa4de090,
d0a4c4c1-ad43-4081-a785-12ef2c16d29a,fb6233b4-7a68-401d-b69b-39f22c6f956f,
d0a4c4c1-ad43-4081-a785-12ef2c16d29a,2f5b0ac1-ab5e-498a-ac47-7a90bbcb6cab,
d0a4c4c1-ad43-4081-a785-12ef2c16d29a,2ffc2fb1-175a-4f19-91c4-13db8dd472d7,
d0a4c4c1-ad43-4081-a785-12ef2c16d29a,af6a1bcd-f3ff-42d2-abb4-8d16aadbb701,
d0a4c4c1-ad43-4081-a785-12ef2c16d29a,136e96b4-36cc-48b2-8491-0ef0e39064dc,
d0a4c4c1-ad43-4081-a785-12ef2c16d29a,423b87f2-ec68-44e3-99fa-674882c50889,
d0a4c4c1-ad43-4081-a785-12ef2c16d29a,dafa93ee-713f-4ee6-95d7-8671879869f5,
d0a4c4c1-ad43-4081-a785-12ef2c16d29a,e1596c4b-a366-4f5d-9f02-c04f7c182803,
d0a4c4c1-ad43-4081-a785-12ef2c16d29a,ec5c5849-04f7-4923-869f-6bcef8eaf09f,
d0a4c4c1-ad43-4081-a785-12ef2c16d29a,0369bb30-984d-4433-b0a3-6f831c3b8916,
7d187289-13e2-4df3-bb7f-a0477dfc303c,8fd3c9c1-af0c-46c8-87f6-4a53d5bc8339,
7d187289-13e2-4df3-bb7f-a0477dfc303c,724ce14a-1920-47fe-bef8-4429f17d9b1e,
7d187289-13e2-4df3-bb7f-a0477dfc303c,fa10273f-8086-4e23-a77e-4ebd33223ead,
7d187289-13e2-4df3-bb7f-a0477dfc303c,56b858e3-dab9-42e0-a38d-c2c98264b476,
7d187289-13e2-4df3-bb7f-a0477dfc303c,9460a140-3060-45de-8b9f-8fec7edb1bf6,
7d187289-13e2-4df3-bb7f-a0477dfc303c,3d892b89-d664-4992-97e6-8a0d3b49701a,
7d187289-13e2-4df3-bb7f-a0477dfc303c,29c23024-25f9-498a-84e7-f61d5c4f69d8,
7d187289-13e2-4df3-bb7f-a0477dfc303c,1ef0df57-69f0-4888-8937-b8fe362f63ce,
7d187289-13e2-4df3-bb7f-a0477dfc303c,ce771029-baa5-4a28-82a9-7875871aedbc,
7d187289-13e2-4df3-bb7f-a0477dfc303c,585b0d7d-667c-4934-ba66-8d5c8864c250,
7d187289-13e2-4df3-bb7f-a0477dfc303c,24f6c8ec-80a1-4b58-a73d-7ca0552ccea3,
7d187289-13e2-4df3-bb7f-a0477dfc303c,f0696174-db8e-4343-a2cd-31813cd8644a,
7d187289-13e2-4df3-bb7f-a0477dfc303c,e1ff33c6-6dca-459e-92d3-96929e3a7273,
7d187289-13e2-4df3-bb7f-a0477dfc303c,90035562-5cb2-476f-a81b-1d4f9040a738,
7d187289-13e2-4df3-bb7f-a0477dfc303c,c463ae4b-7e30-428d-9a90-4a82885ec1a9,
7d187289-13e2-4df3-bb7f-a0477dfc303c,bac31f4e-09f4-4ea5-8825-71d774ae85d9,
7d187289-13e2-4df3-bb7f-a0477dfc303c,f03f9dd9-3ac7-46bf-befd-251e832a3ac0,
7d187289-13e2-4df3-bb7f-a0477dfc303c,64fc92df-ee0d-4e07-8926-5a5f10390289,
7d187289-13e2-4df3-bb7f-a0477dfc303c,d0da438c-dbfc-4c5c-95b6-393a10828466,
7d187289-13e2-4df3-bb7f-a0477dfc303c,b6b308c0-02ba-41ad-9207-e8af560ee15e,
7d187289-13e2-4df3-bb7f-a0477dfc303c,2ea4925d-395f-4559-b468-a4346ada373c,
7d187289-13e2-4df3-bb7f-a0477dfc303c,5bd7ce3b-7f69-43e0-8c7b-efd90f3eebbb,
7d187289-13e2-4df3-bb7f-a0477dfc303c,3cc0170b-4bfc-44d4-9b23-8b88ac3204e8,
7d187289-13e2-4df3-bb7f-a0477dfc303c,57eb7e2c-33a4-48f5-b3e1-b3a15ed10f7d,
7d187289-13e2-4df3-bb7f-a0477dfc303c,5cb84a91-9019-455b-8c7e-1584f62e8157,
7d187289-13e2-4df3-bb7f-a0477dfc303c,8f3f8b40-0400-4dee-bb9a-f9a27ce98793,
7d187289-13e2-4df3-bb7f-a0477dfc303c,e4b5da6b-2afc-48f2-8e91-0b82a8fe5ee5,
7d187289-13e2-4df3-bb7f-a0477dfc303c,476461b6-bfa9-42bc-9be0-b0aea1842f8a,
7d187289-13e2-4df3-bb7f-a0477dfc303c,a3a2eb2f-cb02-48d3-819b-69645f819f8f,
7d187289-13e2-4df3-bb7f-a0477dfc303c,dd9ed785-8a5f-4219-bcf1-a098cd1a28d7,
7d187289-13e2-4df3-bb7f-a0477dfc303c,713fafa9-0419-4b2a-b1ab-3bfb4fc0a6bf,
7d187289-13e2-4df3-bb7f-a0477dfc303c,2a1ce647-237d-412e-a643-42d3a12b8758,
7d187289-13e2-4df3-bb7f-a0477dfc303c,466a2554-d457-4ae5-af1f-c6ded072a829,
7d187289-13e2-4df3-bb7f-a0477dfc303c,77e243c3-d398-478a-a2b8-06b97b94b07e,
7d187289-13e2-4df3-bb7f-a0477dfc303c,aa9bcd1a-9cb6-452a-965a-214a75d3fb41,
7d187289-13e2-4df3-bb7f-a0477dfc303c,b8ab10e3-7d91-4868-89bc-794df93bde5c,
7d187289-13e2-4df3-bb7f-a0477dfc303c,bc447d22-5879-4983-b928-c91b2229bb12,
7d187289-13e2-4df3-bb7f-a0477dfc303c,d8666e5a-afbb-4fe3-8a1b-85506940141e,
7d187289-13e2-4df3-bb7f-a0477dfc303c,a50c2487-b380-49f4-b449-60ba443d9297,
7d187289-13e2-4df3-bb7f-a0477dfc303c,ff6cbf39-674b-447e-9e86-377ba7bfc2fd,
7d187289-13e2-4df3-bb7f-a0477dfc303c,a2cc5d86-8c43-440e-bee9-31d4bb4c7e0e,
7d187289-13e2-4df3-bb7f-a0477dfc303c,35a4160a-1cab-4e20-bf06-c7cfb00c3968,
7d187289-13e2-4df3-bb7f-a0477dfc303c,67be9608-f3d5-4207-8363-8fad16b6b127,
7d187289-13e2-4df3-bb7f-a0477dfc303c,8eb79f01-a1e3-4594-927c-578ce28bec57,
7d187289-13e2-4df3-bb7f-a0477dfc303c,dad046ea-ffb5-475c-8d62-c5d3efd30d76,
7d187289-13e2-4df3-bb7f-a0477dfc303c,1ecce191-576b-42b4-b8b6-99b6789956ed,
7d187289-13e2-4df3-bb7f-a0477dfc303c,25a4940f-d054-49d5-a64c-d4cc58034b7f,
7d187289-13e2-4df3-bb7f-a0477dfc303c,8014ddbb-d929-437f-869b-dbc5019faaf7,
a8bc9b9c-dfc5-4bcf-b2da-3af2ac891d82,e1ff33c6-6dca-459e-92d3-96929e3a7273,
a8bc9b9c-dfc5-4bcf-b2da-3af2ac891d82,8fd3c9c1-af0c-46c8-87f6-4a53d5bc8339,
a8bc9b9c-dfc5-4bcf-b2da-3af2ac891d82,3d892b89-d664-4992-97e6-8a0d3b49701a,
a8bc9b9c-dfc5-4bcf-b2da-3af2ac891d82,585b0d7d-667c-4934-ba66-8d5c8864c250,
a8bc9b9c-dfc5-4bcf-b2da-3af2ac891d82,b9209ea4-59e6-4241-82ad-1c0036d7eeb2,
a8bc9b9c-dfc5-4bcf-b2da-3af2ac891d82,29db6b30-5918-4e9e-9e2c-a6c2eedab85e,
a8bc9b9c-dfc5-4bcf-b2da-3af2ac891d82,ffc0982d-df6b-456f-b8db-733016a152f4,
a8bc9b9c-dfc5-4bcf-b2da-3af2ac891d82,736038f5-362b-45d2-a125-9969e30b9a9a,
a8bc9b9c-dfc5-4bcf-b2da-3af2ac891d82,84063d6f-9c99-4ce5-976a-d65d966dd96d,
a8bc9b9c-dfc5-4bcf-b2da-3af2ac891d82,6f8c467d-6f32-470f-b32f-d6ff2e974d78,
a8bc9b9c-dfc5-4bcf-b2da-3af2ac891d82,771d934e-6061-4f33-8b00-1c6ef145d0b4,
a8bc9b9c-dfc5-4bcf-b2da-3af2ac891d82,1ecce191-576b-42b4-b8b6-99b6789956ed,
a8bc9b9c-dfc5-4bcf-b2da-3af2ac891d82,724ce14a-1920-47fe-bef8-4429f17d9b1e,
a8bc9b9c-dfc5-4bcf-b2da-3af2ac891d82,ff6cbf39-674b-447e-9e86-377ba7bfc2fd,
a8bc9b9c-dfc5-4bcf-b2da-3af2ac891d82,35a4160a-1cab-4e20-bf06-c7cfb00c3968,
a8bc9b9c-dfc5-4bcf-b2da-3af2ac891d82,b6b308c0-02ba-41ad-9207-e8af560ee15e,
a8bc9b9c-dfc5-4bcf-b2da-3af2ac891d82,a50c2487-b380-49f4-b449-60ba443d9297,
a8bc9b9c-dfc5-4bcf-b2da-3af2ac891d82,2a1ce647-237d-412e-a643-42d3a12b8758,
a8bc9b9c-dfc5-4bcf-b2da-3af2ac891d82,713fafa9-0419-4b2a-b1ab-3bfb4fc0a6bf,
a8bc9b9c-dfc5-4bcf-b2da-3af2ac891d82,a2cc5d86-8c43-440e-bee9-31d4bb4c7e0e,
a8bc9b9c-dfc5-4bcf-b2da-3af2ac891d82,dd9ed785-8a5f-4219-bcf1-a098cd1a28d7,
a8bc9b9c-dfc5-4bcf-b2da-3af2ac891d82,a3a2eb2f-cb02-48d3-819b-69645f819f8f,
a8bc9b9c-dfc5-4bcf-b2da-3af2ac891d82,476461b6-bfa9-42bc-9be0-b0aea1842f8a,
a8bc9b9c-dfc5-4bcf-b2da-3af2ac891d82,25a4940f-d054-49d5-a64c-d4cc58034b7f,
a8bc9b9c-dfc5-4bcf-b2da-3af2ac891d82,e4b5da6b-2afc-48f2-8e91-0b82a8fe5ee5,
a8bc9b9c-dfc5-4bcf-b2da-3af2ac891d82,3cc0170b-4bfc-44d4-9b23-8b88ac3204e8,
a8bc9b9c-dfc5-4bcf-b2da-3af2ac891d82,dad046ea-ffb5-475c-8d62-c5d3efd30d76,
a8bc9b9c-dfc5-4bcf-b2da-3af2ac891d82,d0da438c-dbfc-4c5c-95b6-393a10828466,
a8bc9b9c-dfc5-4bcf-b2da-3af2ac891d82,8eb79f01-a1e3-4594-927c-578ce28bec57,
a8bc9b9c-dfc5-4bcf-b2da-3af2ac891d82,f03f9dd9-3ac7-46bf-befd-251e832a3ac0,
b993b819-fa37-4039-8c48-f1e1ecdb5c9c,b0c933dc-a6d4-4561-a18c-435c7f22810e,
b993b819-fa37-4039-8c48-f1e1ecdb5c9c,ed6dd012-fe72-4c6b-9623-d467323d7ecb,
b993b819-fa37-4039-8c48-f1e1ecdb5c9c,b34d6376-5b2d-4b92-a8af-60aa1921485b,
b993b819-fa37-4039-8c48-f1e1ecdb5c9c,95280b98-7046-4925-9a02-f327fa4de090,
b993b819-fa37-4039-8c48-f1e1ecdb5c9c,2ffc2fb1-175a-4f19-91c4-13db8dd472d7,
b993b819-fa37-4039-8c48-f1e1ecdb5c9c,591a7fc6-cde4-429d-8167-7b673bc9d2c9,
b993b819-fa37-4039-8c48-f1e1ecdb5c9c,b316b29b-3621-4df1-8516-06a4a503bc51,
b993b819-fa37-4039-8c48-f1e1ecdb5c9c,b47365a9-ca3c-487e-bdbb-ab6013f44a10,
b993b819-fa37-4039-8c48-f1e1ecdb5c9c,33e97ca0-12de-49cc-a38d-0086e4cd085d,
b993b819-fa37-4039-8c48-f1e1ecdb5c9c,c54442e5-7781-4f1e-8c26-93cf901dac96,
b993b819-fa37-4039-8c48-f1e1ecdb5c9c,3ab8e619-c8b7-4e7c-af32-577df4a58c66,
b993b819-fa37-4039-8c48-f1e1ecdb5c9c,bed1dd9c-29ba-4932-9954-8851f72cd72b,
b993b819-fa37-4039-8c48-f1e1ecdb5c9c,e3962cfb-6bce-4305-9240-bb397f53969b,
b993b819-fa37-4039-8c48-f1e1ecdb5c9c,aa5828c0-3352-4745-a0fa-4c4510ff57d0,
b993b819-fa37-4039-8c48-f1e1ecdb5c9c,05596af5-07d6-429b-8533-08bea5ea2ef6,
b993b819-fa37-4039-8c48-f1e1ecdb5c9c,5152f80f-cd3a-457a-8d2b-19afc5bda9e6,
b993b819-fa37-4039-8c48-f1e1ecdb5c9c,8b9adf28-e4f1-4ace-b91a-4854e870fc84,
b993b819-fa37-4039-8c48-f1e1ecdb5c9c,e4950bc3-a3a1-408b-9a51-fe9e4d2b618a,
b993b819-fa37-4039-8c48-f1e1ecdb5c9c,25684aed-f56c-4384-83e0-4f45fa71693e,
b993b819-fa37-4039-8c48-f1e1ecdb5c9c,14d5c967-f5a0-4269-abf3-9acd962555ea,
b993b819-fa37-4039-8c48-f1e1ecdb5c9c,321ffa67-365f-4914-9407-2ba8b3d52e2b,
b993b819-fa37-4039-8c48-f1e1ecdb5c9c,fa521b07-74ae-4ac0-8b3e-3bed3215977c,
b993b819-fa37-4039-8c48-f1e1ecdb5c9c,2aa6361f-5148-4176-8435-a29bb2115438,
b993b819-fa37-4039-8c48-f1e1ecdb5c9c,89c9f464-d47b-4067-8017-123a374e4ba1,
b993b819-fa37-4039-8c48-f1e1ecdb5c9c,9739fda1-4b35-4eee-9306-870682d434a9,
b993b819-fa37-4039-8c48-f1e1ecdb5c9c,0f0f4ec3-64a4-4aed-a363-c5d9c8594840,
b993b819-fa37-4039-8c48-f1e1ecdb5c9c,3c281ddb-857b-4cf3-b0cb-5ca5116d3132,
b993b819-fa37-4039-8c48-f1e1ecdb5c9c,af6a1bcd-f3ff-42d2-abb4-8d16aadbb701,
b993b819-fa37-4039-8c48-f1e1ecdb5c9c,f9d19cd7-c215-44a6-967d-c651cdff6ccb,
b993b819-fa37-4039-8c48-f1e1ecdb5c9c,ec514cda-df4b-4e60-bf72-0db7185561a8,
b993b819-fa37-4039-8c48-f1e1ecdb5c9c,e1146ef1-5702-4357-85ff-a0147852482e,
b993b819-fa37-4039-8c48-f1e1ecdb5c9c,f0021aa6-f636-4475-a50f-0c28088f43b7,
6e4524b5-cdda-4d8f-871f-529a65417251,ba063f53-ade2-408a-be94-65abab33dd67,
6e4524b5-cdda-4d8f-871f-529a65417251,2f8c827b-1dc1-4e76-982a-c289c5219d69,
6e4524b5-cdda-4d8f-871f-529a65417251,8cc65fe1-0015-4854-9c17-3ec75790470c,
6e4524b5-cdda-4d8f-871f-529a65417251,ef3367e0-e670-4070-a603-c4a75ad4cf26,
6e4524b5-cdda-4d8f-871f-529a65417251,2d186b6b-fdba-48d1-8fe9-fbff281820e4,
6e4524b5-cdda-4d8f-871f-529a65417251,e6f9ac30-2493-4ae5-9469-ccc13e2758d4,
6e4524b5-cdda-4d8f-871f-529a65417251,6ee4dd0e-6b4e-4ecc-af14-2614dece5dd0,
6e4524b5-cdda-4d8f-871f-529a65417251,04559116-6d10-44ce-ad51-463b800a9f2f,
6e4524b5-cdda-4d8f-871f-529a65417251,be8f8f4c-16a1-4d80-87ab-60bd9e255cb8,
6e4524b5-cdda-4d8f-871f-529a65417251,e95d06f5-8b9b-48e0-b052-47f17a861ec3,
6e4524b5-cdda-4d8f-871f-529a65417251,4aa60c0b-9ec3-4855-a107-459c86a23d3d,
6e4524b5-cdda-4d8f-871f-529a65417251,3361fd5c-c90c-48e4-8074-6d5b14f0413f,
6e4524b5-cdda-4d8f-871f-529a65417251,45721f88-e34e-47b8-9cfe-658ad4706a46,
6e4524b5-cdda-4d8f-871f-529a65417251,fd89bd6a-1537-42b0-b7bd-6a5fa640e2b8,
6e4524b5-cdda-4d8f-871f-529a65417251,e5d0c33e-5dde-421e-b93d-b62b50dad4ff,
6e4524b5-cdda-4d8f-871f-529a65417251,f57677b3-5b9e-48b5-a0ea-f4abfbbf7d7c,
6e4524b5-cdda-4d8f-871f-529a65417251,755a7126-f63f-45e8-8fb0-53a0e14a20e4,
6e4524b5-cdda-4d8f-871f-529a65417251,5be2d311-8718-4087-be9f-5e93d84b9af8,
6e4524b5-cdda-4d8f-871f-529a65417251,4858fdaa-bf76-4f71-933e-72b19a84a466,
6e4524b5-cdda-4d8f-871f-529a65417251,ee8c2d32-52a3-4240-a6bd-039f54049e86,
6e4524b5-cdda-4d8f-871f-529a65417251,9cb5c10f-3f66-4d89-9d01-b14b2317ea41,
6e4524b5-cdda-4d8f-871f-529a65417251,ed53230a-d2ac-4da0-b231-2b4e33c24aa3,
6e4524b5-cdda-4d8f-871f-529a65417251,867a5815-ac8c-459a-b7b0-cdd2863a1871,
6e4524b5-cdda-4d8f-871f-529a65417251,f6640fac-3aea-4249-b88d-ce156506945a,
6e4524b5-cdda-4d8f-871f-529a65417251,19d2fab0-04f9-4266-8834-6589083fa3b0,
6e4524b5-cdda-4d8f-871f-529a65417251,fd5f0faf-67ea-41cb-96b7-b66b2a30cd22,
6e4524b5-cdda-4d8f-871f-529a65417251,65ecca76-ea58-4214-bd05-2711951adaf4,
6e4524b5-cdda-4d8f-871f-529a65417251,2cc377c3-f51b-4875-832d-12502861e12f,
6e4524b5-cdda-4d8f-871f-529a65417251,a6286eaa-df8f-49c6-adf1-f0df67fc7075,
6e4524b5-cdda-4d8f-871f-529a65417251,6ab0fd8d-c6f1-4dcb-8e2a-ce507a8eaaca,
6e4524b5-cdda-4d8f-871f-529a65417251,09dbc48f-ef3f-4b88-b68b-9d365611ef42,
6e4524b5-cdda-4d8f-871f-529a65417251,4f1703da-90b5-46db-9149-07b684db4400,
6e4524b5-cdda-4d8f-871f-529a65417251,8a7f09ab-96b6-4956-94af-b77d03cc59d1,
6e4524b5-cdda-4d8f-871f-529a65417251,1a4de6d4-acdc-4aae-8beb-82e462e36b23,
6e4524b5-cdda-4d8f-871f-529a65417251,af07514d-0704-41c9-abe8-9ce902edca0c,
6e4524b5-cdda-4d8f-871f-529a65417251,4a7e57b6-3ccc-46a8-bb7c-18875020d7aa,
6e4524b5-cdda-4d8f-871f-529a65417251,286bed03-9f2e-41c3-a5a1-7bcb215e61a7,
6e4524b5-cdda-4d8f-871f-529a65417251,23354d40-704a-45f5-9aeb-70e5bd36a1a6,
6e4524b5-cdda-4d8f-871f-529a65417251,6bab02fd-2a62-438f-855c-87f48b242008,
6e4524b5-cdda-4d8f-871f-529a65417251,2fe29226-12b2-4433-bc97-36c4875267aa,
6e4524b5-cdda-4d8f-871f-529a65417251,63083be0-1c26-4421-baba-f9a598b9d11c,
6e4524b5-cdda-4d8f-871f-529a65417251,dad436ef-e691-4f19-a10c-5d53595ed42a,
6e4524b5-cdda-4d8f-871f-529a65417251,5f1f4da1-8704-4264-a43d-c6af32c6a844,
6e4524b5-cdda-4d8f-871f-529a65417251,8dc55bf1-9a76-46af-8145-9cd48adbcf16,
6e4524b5-cdda-4d8f-871f-529a65417251,7ab29f29-450c-43d9-83a0-e99ad71e99dc,
6e4524b5-cdda-4d8f-871f-529a65417251,733ed039-14bd-4432-b32c-5d1589fbc8c8,
6e4524b5-cdda-4d8f-871f-529a65417251,9a41bf90-80d6-4736-87aa-7d06cd32c3b4,
6e4524b5-cdda-4d8f-871f-529a65417251,f9f8ea52-9a9c-4fd5-bd5d-a5a4b0426455,
6e4524b5-cdda-4d8f-871f-529a65417251,4defc367-7c36-41bb-a2da-dc4590470527,
6e4524b5-cdda-4d8f-871f-529a65417251,971eafea-fda4-420e-879e-01cbf8e5f5da,
6e4524b5-cdda-4d8f-871f-529a65417251,ce7e988c-7932-499b-b81b-c1a18e777359,
6e4524b5-cdda-4d8f-871f-529a65417251,681c8578-0975-4d36-a88b-f61792270b5e,
6e4524b5-cdda-4d8f-871f-529a65417251,2bb68955-6ec7-4898-ae89-8e08f1dbb358,
6e4524b5-cdda-4d8f-871f-529a65417251,ade1c003-3223-4b58-894c-0785b3d37852,
6e4524b5-cdda-4d8f-871f-529a65417251,9b5f2586-78d8-4653-8cde-fe8041887c33,
6e4524b5-cdda-4d8f-871f-529a65417251,6a40eb44-f2ca-4afb-a4d6-fad206af1b2c,
6e4524b5-cdda-4d8f-871f-529a65417251,34e92418-e49d-454e-bff9-0f2eee92efcf,
6e4524b5-cdda-4d8f-871f-529a65417251,0efd899f-92a8-4895-82db-3b8d1ee0704c,
6e4524b5-cdda-4d8f-871f-529a65417251,06d870f5-e94e-4c2b-936a-6a1c584eed92,
6e4524b5-cdda-4d8f-871f-529a65417251,435fbf58-5f8f-41c5-923c-b259dfe37f89,
6e4524b5-cdda-4d8f-871f-529a65417251,5683f752-7386-4501-b4d3-bcc013ddeb1d,
6e4524b5-cdda-4d8f-871f-529a65417251,056a75cb-ffae-43ca-8cd3-05e4fe7f8752,
6e4524b5-cdda-4d8f-871f-529a65417251,d7d4cc0a-7d5a-43a2-8ab5-42250637273f,
6e4524b5-cdda-4d8f-871f-529a65417251,84cafb2a-5b17-463b-9667-bfc3727ec480,
6e4524b5-cdda-4d8f-871f-529a65417251,e3a5ccde-40f2-4dfd-90a8-1e611b4b068b,
6e4524b5-cdda-4d8f-871f-529a65417251,a0f2ec3a-c684-42a5-a549-9bdc48c3a859,
6e4524b5-cdda-4d8f-871f-529a65417251,0bfb91f3-cf3a-4101-b821-929cb1ae23b9,
6e4524b5-cdda-4d8f-871f-529a65417251,d50ae9ca-b5a9-45cf-a00f-3030dbdd8e2e,
6e4524b5-cdda-4d8f-871f-529a65417251,781564aa-738f-4c7c-ad73-9090ef14dda7,
6e4524b5-cdda-4d8f-871f-529a65417251,0a031498-bbc0-4581-84d8-4f876b37f12e,
6e4524b5-cdda-4d8f-871f-529a65417251,a7eda954-ac74-4ce6-9369-d37e03eb3bcb,
6e4524b5-cdda-4d8f-871f-529a65417251,54efe857-c8bc-493b-b7d4-2b0b693e4271,
6e4524b5-cdda-4d8f-871f-529a65417251,4644c653-3129-4ccc-8377-04f493741cc9,
6e4524b5-cdda-4d8f-871f-529a65417251,e3d7b488-5504-4856-872c-20e7c8b00220,
6e4524b5-cdda-4d8f-871f-529a65417251,828313ae-7f2d-4785-be67-94121fad3469,
6e4524b5-cdda-4d8f-871f-529a65417251,d8e1a8d8-2c56-43ac-a851-319467a85753,
6e4524b5-cdda-4d8f-871f-529a65417251,d5badc67-dd1e-4b08-b0e7-56c7bdf4ebdc,
6e4524b5-cdda-4d8f-871f-529a65417251,3f910b6d-af07-4cf6-be1b-8c07138a9b67,
6e4524b5-cdda-4d8f-871f-529a65417251,d409967e-3818-4a5b-ad34-aebedac1fa7e,
6e4524b5-cdda-4d8f-871f-529a65417251,b1dea447-7af6-440c-b1b8-c6e595de5dc8,
6e4524b5-cdda-4d8f-871f-529a65417251,42ab2167-d3ee-437e-90a5-5a03179e3a33,
6e4524b5-cdda-4d8f-871f-529a65417251,2bb9e89b-588c-4c47-895f-10fdb1d7bb8f,
6e4524b5-cdda-4d8f-871f-529a65417251,c674347c-0d8a-4f1f-9713-71104ca4c4aa,
6e4524b5-cdda-4d8f-871f-529a65417251,e129e357-63ad-460b-a10c-b776ac519b60,
6e4524b5-cdda-4d8f-871f-529a65417251,36b9452c-b03d-4b8d-929d-7d74e39f9265,
6e4524b5-cdda-4d8f-871f-529a65417251,7037b76a-85a2-4514-991d-63ed0f1d42e9,
6e4524b5-cdda-4d8f-871f-529a65417251,44cd9ddb-3571-4026-a5f5-ce7517f8b8a3,
6e4524b5-cdda-4d8f-871f-529a65417251,ae9732f2-7113-4f1f-9f4e-667c9bc68c1e,
6e4524b5-cdda-4d8f-871f-529a65417251,7722071b-3403-47b7-86d4-7bbe3d439f02,
6e4524b5-cdda-4d8f-871f-529a65417251,1ef965c0-2da0-4079-9f8d-9e8523f2b3f1,
6e4524b5-cdda-4d8f-871f-529a65417251,6570d53d-9f95-4a30-95ce-f5a547c6ea56,
6e4524b5-cdda-4d8f-871f-529a65417251,e4eface5-c24f-4ef3-8b57-021f8b47f686,
6e4524b5-cdda-4d8f-871f-529a65417251,f4226e3e-a427-4764-92e9-d8974d8dd81e,
6e4524b5-cdda-4d8f-871f-529a65417251,9f657b89-af1a-4971-976c-cdbeed604b23,
6e4524b5-cdda-4d8f-871f-529a65417251,4d8a1de1-60a7-4949-af86-01d051d89839,
6e4524b5-cdda-4d8f-871f-529a65417251,bef15a62-db80-477d-88d4-873273859eb0,
6e4524b5-cdda-4d8f-871f-529a65417251,205fd20b-142e-4540-817f-b47c92de1d19,
6e4524b5-cdda-4d8f-871f-529a65417251,6c8a70ea-817f-4f42-ae81-d3b0e74cd2a2,
6e4524b5-cdda-4d8f-871f-529a65417251,05a5dbfe-bec6-401e-8e77-eba60f71934b,
6e4524b5-cdda-4d8f-871f-529a65417251,2cf84a02-2ef1-42df-8ea3-a30e9c8a2417,
6e4524b5-cdda-4d8f-871f-529a65417251,249569bc-9f9f-4d09-9d9e-cedcd4612872,
6e4524b5-cdda-4d8f-871f-529a65417251,b4c5c3a9-1894-4f88-a103-55e6f42fc062,
6e4524b5-cdda-4d8f-871f-529a65417251,f066f13f-546d-4253-8407-0a6e85f3e0ba,
6e4524b5-cdda-4d8f-871f-529a65417251,8763ce9e-cff3-4d38-918d-0591b45c323e,
6e4524b5-cdda-4d8f-871f-529a65417251,85c19f76-1fc7-44a2-b486-10634e0e4051,
6e4524b5-cdda-4d8f-871f-529a65417251,c24ef2c8-91e9-4af8-84ec-cb3a8bd97d6e,
6e4524b5-cdda-4d8f-871f-529a65417251,876fad21-22ba-4ed2-be2f-47338cc3c310,
6e4524b5-cdda-4d8f-871f-529a65417251,2c467d26-1bf7-4756-a303-9dc055a11cde,
6e4524b5-cdda-4d8f-871f-529a65417251,2695024a-4937-4477-a992-0671fb26089a,
6e4524b5-cdda-4d8f-871f-529a65417251,29390140-9f6f-4d83-b60d-06ab3e5a379f,
6e4524b5-cdda-4d8f-871f-529a65417251,4252c036-ea91-4354-8eb9-1ca0f88c753d,
6e4524b5-cdda-4d8f-871f-529a65417251,ce9cd00a-4848-4048-8ee0-298a0ad65a30,
6e4524b5-cdda-4d8f-871f-529a65417251,0e913c77-5375-4637-823b-df55b5ab19a5,
6e4524b5-cdda-4d8f-871f-529a65417251,a59749c0-9e7a-48c7-a9fa-797b408e9c42,
6e4524b5-cdda-4d8f-871f-529a65417251,3f71384b-f866-4977-aff4-fbdf10107705,
6e4524b5-cdda-4d8f-871f-529a65417251,eeca2916-a78b-4166-809d-16a87c2c2e80,
6e4524b5-cdda-4d8f-871f-529a65417251,1e9345be-66c7-4b2d-8c36-aaf79375942c,
6e4524b5-cdda-4d8f-871f-529a65417251,ff9bf82d-b6c4-43be-9229-be9ec52a5294,
6e4524b5-cdda-4d8f-871f-529a65417251,eb12e030-fba4-48db-bde6-e9bdbbb6ca57,
8305d605-4b8b-4264-ae18-731945703b7d,8e81a29a-dc2d-4a18-85f4-4bd052ba2fe5,
8305d605-4b8b-4264-ae18-731945703b7d,84226881-3946-47cb-b845-7fd63de2f1ec,
8305d605-4b8b-4264-ae18-731945703b7d,d47c0aed-0560-4bd3-b4ba-1e99af2c2d21,
8305d605-4b8b-4264-ae18-731945703b7d,7ab031c2-6615-4580-b4a9-5b3a30d5c3a9,
8305d605-4b8b-4264-ae18-731945703b7d,1cf0b9a3-8bd0-4576-b58d-977eb268c4f7,
8305d605-4b8b-4264-ae18-731945703b7d,6d0915e4-ef04-4e80-9cca-d92b557e011b,
8305d605-4b8b-4264-ae18-731945703b7d,36b9452c-b03d-4b8d-929d-7d74e39f9265,
8305d605-4b8b-4264-ae18-731945703b7d,d8e1a8d8-2c56-43ac-a851-319467a85753,
8305d605-4b8b-4264-ae18-731945703b7d,e5d0c33e-5dde-421e-b93d-b62b50dad4ff,
8305d605-4b8b-4264-ae18-731945703b7d,70bb71e1-fea4-4ae7-b836-65fd148708a7,
8305d605-4b8b-4264-ae18-731945703b7d,961f4760-5666-4824-a4dd-a895ec8e90d3,
8305d605-4b8b-4264-ae18-731945703b7d,e4e92459-4b49-4764-ab02-b6d39a2e7a16,
8305d605-4b8b-4264-ae18-731945703b7d,c6dec891-0dc5-4ae3-a42c-7e3e525ec1d2,
8305d605-4b8b-4264-ae18-731945703b7d,9899ccef-dbce-4375-8116-4b593bbdbe84,
8305d605-4b8b-4264-ae18-731945703b7d,b10d381f-050a-4112-8792-18e7d08dada3,
8305d605-4b8b-4264-ae18-731945703b7d,6d7fca79-7eea-4eb2-b77c-78f1ca2ba853,
8305d605-4b8b-4264-ae18-731945703b7d,1d42c559-6a00-4b91-aca3-4c6b3ace5a0e,
8305d605-4b8b-4264-ae18-731945703b7d,adacae02-a4ee-40c3-8f29-8bb00c757cee,
8305d605-4b8b-4264-ae18-731945703b7d,5e923e35-aad2-435a-bc30-0e11440e4635,
8305d605-4b8b-4264-ae18-731945703b7d,2048b794-2a9d-457a-8b37-ebdf56be2247,
8305d605-4b8b-4264-ae18-731945703b7d,222f1911-7ad7-4419-bb45-258a30f148be,
8305d605-4b8b-4264-ae18-731945703b7d,c39b62e0-234b-4d28-98fe-e010609236a9,
8305d605-4b8b-4264-ae18-731945703b7d,4ed0b186-6ca7-472d-a78e-279bf36e7065,
8305d605-4b8b-4264-ae18-731945703b7d,70e3f29b-576e-4091-bc39-84047d31932c,
8305d605-4b8b-4264-ae18-731945703b7d,bedb4c47-2814-4c20-9605-ce07c9c8d3fc,
8305d605-4b8b-4264-ae18-731945703b7d,52a5d8cd-5c43-4e47-a656-202b6b5db232,
8305d605-4b8b-4264-ae18-731945703b7d,09f90653-7151-4311-a2b6-33bf1dec06e3,
8305d605-4b8b-4264-ae18-731945703b7d,8b74ed16-830e-4982-9615-04b504441f6a,
8305d605-4b8b-4264-ae18-731945703b7d,1aee9008-7b6c-4110-b9d3-f434ff69245c,
8305d605-4b8b-4264-ae18-731945703b7d,8243760b-cc97-48e4-96aa-f7a66732571d,
8305d605-4b8b-4264-ae18-731945703b7d,c735b795-b66c-4aab-9faa-55e70271cd25,
8305d605-4b8b-4264-ae18-731945703b7d,b3275997-9c09-4a37-84fc-e76ab3af1010,
8305d605-4b8b-4264-ae18-731945703b7d,f5023f01-d5cc-4c4b-976d-5461509d584b,
8305d605-4b8b-4264-ae18-731945703b7d,74a49652-15fb-427f-9876-8a9fdfe5e330,
8305d605-4b8b-4264-ae18-731945703b7d,b8b13ae1-4e17-493f-8792-cd21cd1e0779,
8305d605-4b8b-4264-ae18-731945703b7d,ad69886f-7e9e-4513-9eee-eb33ed851ddd,
8305d605-4b8b-4264-ae18-731945703b7d,4afb21ea-64ad-4017-9edb-9a1d32069f99,
8305d605-4b8b-4264-ae18-731945703b7d,b5130f48-2252-4c93-b9b5-01cc3a49208e,
8305d605-4b8b-4264-ae18-731945703b7d,665f1c9d-43b5-43f2-aa4d-7999c23e5399,
8305d605-4b8b-4264-ae18-731945703b7d,083f8248-439d-4ca8-88e9-656ee4286cc3,
8305d605-4b8b-4264-ae18-731945703b7d,ab8c9846-6e7c-4e93-9803-4548e9c0f68e,
8305d605-4b8b-4264-ae18-731945703b7d,9c1c38da-722b-42c5-bbd2-f9e5adaa2598,
8305d605-4b8b-4264-ae18-731945703b7d,80b59c81-5d4f-455f-b0e8-b5451b02ef77,
8305d605-4b8b-4264-ae18-731945703b7d,3b4582cb-3049-4920-ad5d-383c4c0d087f,
8305d605-4b8b-4264-ae18-731945703b7d,d00ac976-7cd4-404b-8c15-b1b2c8525060,
8305d605-4b8b-4264-ae18-731945703b7d,54531d7b-ea45-402d-9214-361db1de5da6,
8305d605-4b8b-4264-ae18-731945703b7d,2c2eae68-c78d-471a-a646-4497ead1ef2c,
8305d605-4b8b-4264-ae18-731945703b7d,c69d847f-9eef-463b-826c-b9bcb1a4cebb,
8305d605-4b8b-4264-ae18-731945703b7d,fc55745b-6f32-4bf8-99ae-91dbd19b75f2,
8305d605-4b8b-4264-ae18-731945703b7d,9afa060b-419d-4d03-a8aa-940fe5641aae,
8305d605-4b8b-4264-ae18-731945703b7d,a1476e1f-6ebd-42d8-acb2-3a7c6bc70a39,
8305d605-4b8b-4264-ae18-731945703b7d,eed5b9d9-f9a9-47e0-b120-5de117db29d7,
8305d605-4b8b-4264-ae18-731945703b7d,e697ca47-a7f9-44bf-83b0-2e712abecb59,
8305d605-4b8b-4264-ae18-731945703b7d,0e52057d-1703-4c6e-9bc8-0f1cea90562a,
8305d605-4b8b-4264-ae18-731945703b7d,512dbaf4-fc7c-4882-91b5-24992d7677a6,
8305d605-4b8b-4264-ae18-731945703b7d,348918f2-1828-46b5-9dbe-90eee13f5f4d,
8305d605-4b8b-4264-ae18-731945703b7d,99974231-4fc9-48de-a4ea-7355aa1920cd,
8305d605-4b8b-4264-ae18-731945703b7d,caca233d-5afd-4918-9b13-55ad149ac42e,
8305d605-4b8b-4264-ae18-731945703b7d,d8502a88-e40e-47fa-ad65-6ad899fddefb,
8305d605-4b8b-4264-ae18-731945703b7d,83c296d6-1d69-4fd4-a138-680f6339421f,
8305d605-4b8b-4264-ae18-731945703b7d,560f3189-7e17-491d-ae4c-febc11c376d0,
8305d605-4b8b-4264-ae18-731945703b7d,0b7b0fe6-8b20-4096-bee9-2e2ee3ae7051,
8305d605-4b8b-4264-ae18-731945703b7d,705056a5-35f9-4124-8fc9-c0db9f48a8fc,
8305d605-4b8b-4264-ae18-731945703b7d,49a5d112-4af8-4cbd-8d57-b7cc45e61087,
8305d605-4b8b-4264-ae18-731945703b7d,18a90237-2190-48c6-a70a-3becf400afd7,
8305d605-4b8b-4264-ae18-731945703b7d,5fbb87ac-28b2-41eb-9773-0741ba7ba4e4,
8305d605-4b8b-4264-ae18-731945703b7d,dac3ff82-e42d-4488-bb8e-8007a46815ae,
8305d605-4b8b-4264-ae18-731945703b7d,bc36945e-7484-40e6-afbc-6d84c0cd16b2,
8305d605-4b8b-4264-ae18-731945703b7d,ed3b3aa5-7ddc-4249-ba37-68d4fb302d68,
8305d605-4b8b-4264-ae18-731945703b7d,bd869051-cc2e-4dd7-9dba-ce9772cb27de,
8305d605-4b8b-4264-ae18-731945703b7d,1f4f5475-6278-48a8-9376-0be493713ddd,
8305d605-4b8b-4264-ae18-731945703b7d,98c963dd-9561-4934-998d-ed3a8185709f,
8305d605-4b8b-4264-ae18-731945703b7d,db472d69-dcd6-42c1-8ad1-cfc8bbad4d4a,
8305d605-4b8b-4264-ae18-731945703b7d,c873fe61-4eaa-4a2d-931b-86e7eee17295,
8305d605-4b8b-4264-ae18-731945703b7d,33226fe6-25a9-405a-b8b8-da71f394ada3,
8305d605-4b8b-4264-ae18-731945703b7d,66d1b495-0207-4a72-bf77-f387b4e5b5b0,
8305d605-4b8b-4264-ae18-731945703b7d,6df4786c-1925-4999-8ea8-a667c72b46b2,
8305d605-4b8b-4264-ae18-731945703b7d,011a2143-e025-42bc-a875-a0ddfb34f48c,
8305d605-4b8b-4264-ae18-731945703b7d,7fa38467-53d7-4a4c-be94-68648125c2ba,
8305d605-4b8b-4264-ae18-731945703b7d,da4af99c-ddc0-4d18-bd87-a75d690f9614,
8305d605-4b8b-4264-ae18-731945703b7d,4f4a6d9f-246a-442a-a365-202333299472,
8305d605-4b8b-4264-ae18-731945703b7d,f09b11f1-faa1-4dee-8457-d5051c74d058,
8305d605-4b8b-4264-ae18-731945703b7d,234ee73e-6aaa-438c-a6d8-30b7edf73d45,
8305d605-4b8b-4264-ae18-731945703b7d,308046bd-2a6a-4565-9f94-45c0937ec399,
8305d605-4b8b-4264-ae18-731945703b7d,54451074-26f0-43b6-8f08-ec1c85c5b25a,
8305d605-4b8b-4264-ae18-731945703b7d,0376fffb-fe11-4f0f-adf6-f46d0a013df5,
8305d605-4b8b-4264-ae18-731945703b7d,ca7e8169-9a19-4974-8008-7806b4743467,
8305d605-4b8b-4264-ae18-731945703b7d,82670814-58be-400d-ac5f-d04f1e55a7cb,
8305d605-4b8b-4264-ae18-731945703b7d,8b5b7eb4-b36b-4225-b872-9dc23d77e246,
8305d605-4b8b-4264-ae18-731945703b7d,88b96337-fd00-45db-b676-d5a1bf3918ad,
8305d605-4b8b-4264-ae18-731945703b7d,6f6d96b7-9dbd-4cfd-8ba0-e067edbd1b42,
8305d605-4b8b-4264-ae18-731945703b7d,c94e7eeb-c860-4733-a6df-7c84a01d1279,
8305d605-4b8b-4264-ae18-731945703b7d,323196c0-5098-4881-94e6-cf49390c6824,
8305d605-4b8b-4264-ae18-731945703b7d,311d7129-63d4-4d03-842d-08f0119d97a4,
8305d605-4b8b-4264-ae18-731945703b7d,f849b42b-bea8-4c86-8bdf-328cc4abdae1,
8305d605-4b8b-4264-ae18-731945703b7d,4c549f6d-a72d-442a-af62-abebc56c0d1c,
8305d605-4b8b-4264-ae18-731945703b7d,6457fdb2-3a7c-434e-9644-5752acfc4cf8,
8305d605-4b8b-4264-ae18-731945703b7d,69206d03-1ef0-48c1-885a-ee0b80f84c6a,
8305d605-4b8b-4264-ae18-731945703b7d,f7344cdf-0f25-4921-8a8d-a79029221efc,
8305d605-4b8b-4264-ae18-731945703b7d,127c8e15-8cf6-4fbc-83d7-9ce78e2e2a73,
8305d605-4b8b-4264-ae18-731945703b7d,dc3fc141-4486-4223-acf1-f0b4c30dd41f,
8305d605-4b8b-4264-ae18-731945703b7d,119568ed-ca92-440e-9b96-8230395616eb,
8305d605-4b8b-4264-ae18-731945703b7d,13862df3-d52d-4211-ac85-a4aeb8808076,
8305d605-4b8b-4264-ae18-731945703b7d,b552e58d-0f58-4503-9523-48ac594afdca,
8305d605-4b8b-4264-ae18-731945703b7d,768e2797-bd79-4ead-8528-d57cadcc08cf,
8305d605-4b8b-4264-ae18-731945703b7d,008da4dc-02e5-4277-aeba-0e7927f57704,
8305d605-4b8b-4264-ae18-731945703b7d,eb9417ef-c003-4c40-b328-4a4b6231659b,
8305d605-4b8b-4264-ae18-731945703b7d,ae0f8faf-6576-41c8-89c8-671daee61618,
8305d605-4b8b-4264-ae18-731945703b7d,80a75695-550b-44d9-a773-cb6d7650e2cd,
8305d605-4b8b-4264-ae18-731945703b7d,646edab0-1066-427d-89d8-757151935cbe,
8305d605-4b8b-4264-ae18-731945703b7d,d364fcf7-ef22-412a-88bf-02eb52074acd,
8305d605-4b8b-4264-ae18-731945703b7d,55466667-564d-483b-9fb6-8824b2c58d21,
8305d605-4b8b-4264-ae18-731945703b7d,31b1e911-834a-40fa-a60e-45719f3544ed,
8305d605-4b8b-4264-ae18-731945703b7d,c2ab67d9-09fb-4d1e-ab77-6f3b0dc5f4d8,
8305d605-4b8b-4264-ae18-731945703b7d,e4bc1a62-8757-4cc5-b8bc-b10c8b9ed7ec,
8305d605-4b8b-4264-ae18-731945703b7d,e8ceacc8-3cec-4090-99c6-989af80b1172,
8305d605-4b8b-4264-ae18-731945703b7d,8b2786d7-0581-4baf-a6e1-fa15592f9ae4,
8305d605-4b8b-4264-ae18-731945703b7d,70c41ac8-79ad-4778-850f-8f878b31a068,
8305d605-4b8b-4264-ae18-731945703b7d,ef3332f9-2c28-4679-a228-828ec96b15a4,
8305d605-4b8b-4264-ae18-731945703b7d,c5f6c086-8acc-4467-81b9-c57adde9dc2c,
8305d605-4b8b-4264-ae18-731945703b7d,688f7e4d-8925-4099-a878-9201c1984a15,
8305d605-4b8b-4264-ae18-731945703b7d,94bc762c-ac50-44e1-a454-6bad975c72be,
8305d605-4b8b-4264-ae18-731945703b7d,4c001a08-f53b-40e2-92a4-887f433a9632,
8305d605-4b8b-4264-ae18-731945703b7d,17a1d632-91cb-48e9-9dd5-5e5d7d4f24d5,
8305d605-4b8b-4264-ae18-731945703b7d,ebaba874-6f13-484b-a2b7-9859e920afda,
8305d605-4b8b-4264-ae18-731945703b7d,206b34ff-95fe-47a2-aebf-6c269f98d135,
8305d605-4b8b-4264-ae18-731945703b7d,a66aa899-dc7c-4265-ab35-1696fcb2a219,
8305d605-4b8b-4264-ae18-731945703b7d,2758ff2f-76ed-4c3c-9162-bb3783192f70,
8305d605-4b8b-4264-ae18-731945703b7d,21cec970-027e-4d51-97e9-669f04fa898e,
8305d605-4b8b-4264-ae18-731945703b7d,b9486241-1e83-4a3b-9715-564a963cef62,
8305d605-4b8b-4264-ae18-731945703b7d,94eaf639-d989-4e66-bc74-e61ccfb07959,
8305d605-4b8b-4264-ae18-731945703b7d,c1e6204f-9b1e-46bc-b754-989513e2d0c3,
8305d605-4b8b-4264-ae18-731945703b7d,adbe6436-5d14-44ee-9ddd-696afa15616c,
8305d605-4b8b-4264-ae18-731945703b7d,16723188-22b3-4526-a30d-09755121e462,
8305d605-4b8b-4264-ae18-731945703b7d,41492749-3325-41d8-a791-80498ff6d112,
8305d605-4b8b-4264-ae18-731945703b7d,964911b1-8eef-4f28-8b03-f5c5c697e400,
8305d605-4b8b-4264-ae18-731945703b7d,02cf57fa-8258-4a03-a920-a76dcf9630cf,
8305d605-4b8b-4264-ae18-731945703b7d,cc4a6fcb-03c3-4a49-8843-5d3797c2f1be,
8305d605-4b8b-4264-ae18-731945703b7d,39ce18af-e248-4714-a80c-231aa31ec9d6,
8305d605-4b8b-4264-ae18-731945703b7d,c23be2ef-685a-46ab-8eb0-6ee889a9bc6c,
8305d605-4b8b-4264-ae18-731945703b7d,344448e5-bbdb-45cc-8902-562ee78758e3,
8305d605-4b8b-4264-ae18-731945703b7d,d04b7402-68bf-49c0-803a-4ddc01190ad7,
8305d605-4b8b-4264-ae18-731945703b7d,8db83e93-f436-46a2-96dd-2b50e3454764,
8305d605-4b8b-4264-ae18-731945703b7d,3b770d54-767a-4b57-b6d5-e16029663dfd,
8305d605-4b8b-4264-ae18-731945703b7d,a102e589-2ea7-4d46-aad0-a1da4a54e339,
8305d605-4b8b-4264-ae18-731945703b7d,73da1c32-4d7b-4892-b02e-eabceb2b41eb,
8305d605-4b8b-4264-ae18-731945703b7d,3c037a69-dd3d-4826-aa0d-94dfbfd14dc5,
8305d605-4b8b-4264-ae18-731945703b7d,7c9cc22a-865c-4c60-a62c-bcce3445fc3a,
8305d605-4b8b-4264-ae18-731945703b7d,fa5bdb17-837a-4c15-b7de-f852725b9d05,
8305d605-4b8b-4264-ae18-731945703b7d,5bc23203-4f46-4018-9f8c-f34148e89edf,
8305d605-4b8b-4264-ae18-731945703b7d,a5518b92-aae9-4278-93cc-b8c59a0d7205,
8305d605-4b8b-4264-ae18-731945703b7d,f380fac2-f23c-4e82-893c-75dc59161d49,
8305d605-4b8b-4264-ae18-731945703b7d,6be17d2e-4383-4d11-a888-b008c94c97d8,
8305d605-4b8b-4264-ae18-731945703b7d,4ce26852-3dad-4200-a3c4-6884addd9b14,
8305d605-4b8b-4264-ae18-731945703b7d,55fc7ccd-c861-41f5-aeb1-13d21db11ea5,
8305d605-4b8b-4264-ae18-731945703b7d,113343e4-a35b-4c4f-a52a-c578aeafbc3c,
8305d605-4b8b-4264-ae18-731945703b7d,ee22a08a-b1d6-4f4c-8792-aec20e6b135f,
8305d605-4b8b-4264-ae18-731945703b7d,b24d106b-195b-4426-87e8-2b9aa3e636f6,
8305d605-4b8b-4264-ae18-731945703b7d,102522bc-c159-4eb1-834e-2dcabe605310,
8305d605-4b8b-4264-ae18-731945703b7d,a7ad9f14-64d6-4232-930a-d3f2c8808110,
8305d605-4b8b-4264-ae18-731945703b7d,54b80fc0-4a67-4768-b63b-ecd97a482ae0,
8305d605-4b8b-4264-ae18-731945703b7d,cad61779-fe64-435b-8c47-2fc9dc05d671,
8305d605-4b8b-4264-ae18-731945703b7d,e3b5e604-db5f-4aa5-b9bf-cdfe4bc112eb,
8305d605-4b8b-4264-ae18-731945703b7d,8cb86bce-222e-46e4-8028-e8582b77c30e,
8305d605-4b8b-4264-ae18-731945703b7d,1f55ee68-51f2-40e6-899f-50e44a592dd4,
8305d605-4b8b-4264-ae18-731945703b7d,2dffa83f-5417-4848-98c8-981a6dd635ac,
8305d605-4b8b-4264-ae18-731945703b7d,0f7ca288-12be-43af-83fb-d1e8eb029afb,
8305d605-4b8b-4264-ae18-731945703b7d,b284b47c-296e-458e-84a6-81f6aef979bd,
8305d605-4b8b-4264-ae18-731945703b7d,deaeff86-c558-41f1-b43c-f5c419abcf27,
8305d605-4b8b-4264-ae18-731945703b7d,b023879f-07da-490f-8fe7-45b6df621c5f,
8305d605-4b8b-4264-ae18-731945703b7d,5f6ffabe-d4a9-4f03-a197-ee80f6567155,
8305d605-4b8b-4264-ae18-731945703b7d,9a5aea6c-e518-4caf-b79b-368739e9dc33,
8305d605-4b8b-4264-ae18-731945703b7d,d5174100-44fb-448b-96c6-94816311cd9f,
8305d605-4b8b-4264-ae18-731945703b7d,a152600c-c2e3-48a0-a198-b80758289d87,
8305d605-4b8b-4264-ae18-731945703b7d,1862e332-c08e-492b-8f40-b084f6cb70e7,
8305d605-4b8b-4264-ae18-731945703b7d,5a9afd62-e81e-4fb6-b8be-49b6329396bb,
8305d605-4b8b-4264-ae18-731945703b7d,f2e6d122-2499-4468-92ff-6303c7c4dabb,
8305d605-4b8b-4264-ae18-731945703b7d,c02b8aef-237e-44b9-962d-cf5ae12ed0c7,
8305d605-4b8b-4264-ae18-731945703b7d,cdf2ac9a-9a70-4654-93e5-2043cccf770d,
8305d605-4b8b-4264-ae18-731945703b7d,560f1149-0f15-477d-9f37-817ccf99df1b,
8305d605-4b8b-4264-ae18-731945703b7d,87cbf3cb-eba2-4799-a7e6-07c7b3d9ba50,
8305d605-4b8b-4264-ae18-731945703b7d,636dd225-c58f-47ef-b59e-6daabafdefa0,
8305d605-4b8b-4264-ae18-731945703b7d,19dd1dff-02b0-4c4e-9929-0300757a7110,
8305d605-4b8b-4264-ae18-731945703b7d,02dc409c-9090-49a7-878d-0a15bf90b031,
8305d605-4b8b-4264-ae18-731945703b7d,5c355839-e652-4394-8848-ab1041634db3,
8305d605-4b8b-4264-ae18-731945703b7d,b47eb2ca-1ac3-420b-b3f7-2801f13b2777,
8305d605-4b8b-4264-ae18-731945703b7d,08314fd0-0aef-49d7-bae2-405143cb36f4,
8305d605-4b8b-4264-ae18-731945703b7d,a24baee5-d37a-4f7c-940b-ee2e8bbdcdef,
8305d605-4b8b-4264-ae18-731945703b7d,ec0327ce-e0d8-49bc-b3c6-ba87e35f7007,
8305d605-4b8b-4264-ae18-731945703b7d,2fc39455-d205-4e26-a5f9-e2e86425ae02,
8305d605-4b8b-4264-ae18-731945703b7d,a32a9ced-2952-4db1-9307-4a8039c620e1,
8305d605-4b8b-4264-ae18-731945703b7d,f0d3fd2d-a325-47e7-a138-e8aa7980b781,
8305d605-4b8b-4264-ae18-731945703b7d,1cdc8bfa-71e9-427a-b569-48aa3aaf33e8,
8305d605-4b8b-4264-ae18-731945703b7d,edf36d99-e241-4862-b967-aec2a0821e00,
8305d605-4b8b-4264-ae18-731945703b7d,3276ecf0-bce3-407b-be37-88ff51bd7f30,
8305d605-4b8b-4264-ae18-731945703b7d,7b70d181-e3fd-4874-b458-43efea092f72,
8305d605-4b8b-4264-ae18-731945703b7d,fa3d0f0e-0a17-4cea-b946-d984af1db596,
8305d605-4b8b-4264-ae18-731945703b7d,cf913523-94d0-4628-85bd-ca0089dcf254,
8305d605-4b8b-4264-ae18-731945703b7d,baaf74e0-a5b2-4709-9ff7-0e13ac2e7770,
8305d605-4b8b-4264-ae18-731945703b7d,98252951-fb74-47d9-8235-6eb1f248302a,
8305d605-4b8b-4264-ae18-731945703b7d,949efd10-6bae-4e40-ba9f-5a2b3e45601b,
8305d605-4b8b-4264-ae18-731945703b7d,2e09f945-729c-4183-aab2-17d9a580a892,
8305d605-4b8b-4264-ae18-731945703b7d,7722071b-3403-47b7-86d4-7bbe3d439f02,
8305d605-4b8b-4264-ae18-731945703b7d,8778215b-c5ba-4348-b690-0ed97e6b9b0d,
8305d605-4b8b-4264-ae18-731945703b7d,af78035f-191e-4855-9569-d3d2bab31276,
8305d605-4b8b-4264-ae18-731945703b7d,084fa3df-1068-4f66-ae2d-3fa935c1710d,
8305d605-4b8b-4264-ae18-731945703b7d,2a6321d3-b2e9-41f7-a55c-2d2c02e1f406,
8305d605-4b8b-4264-ae18-731945703b7d,abf16c95-46ee-4cba-a784-b8d27aa62b55,
8305d605-4b8b-4264-ae18-731945703b7d,b1472f2d-a97d-4878-8327-6d10d63a65bb,
8305d605-4b8b-4264-ae18-731945703b7d,5ec56d5b-a9e2-4653-a859-8f65c107d367,
8305d605-4b8b-4264-ae18-731945703b7d,668921ea-7eb3-4987-8216-c348cc81196b,
8305d605-4b8b-4264-ae18-731945703b7d,df6b786b-6c62-455f-9d9a-169451b17fb8,
8305d605-4b8b-4264-ae18-731945703b7d,b242cac4-7727-4800-8b63-00d3dddc84d2,
8305d605-4b8b-4264-ae18-731945703b7d,e7daba7b-aef4-465f-96b8-7a9ddce22e77,
8305d605-4b8b-4264-ae18-731945703b7d,a8a90ecf-e006-430b-aeb3-c60f245fe42b,
8305d605-4b8b-4264-ae18-731945703b7d,e18b0161-99e1-4ab3-8dab-37b2f3c22088,
8305d605-4b8b-4264-ae18-731945703b7d,52b6fe58-0a92-4636-95d5-daff9aea639a,
8305d605-4b8b-4264-ae18-731945703b7d,8b2840a1-7780-44fd-a4b3-5e825587b4d7,
8305d605-4b8b-4264-ae18-731945703b7d,55eb49cd-45a8-44db-9af1-5ffb08973b5c,
8305d605-4b8b-4264-ae18-731945703b7d,ff1732b1-df05-411e-9eeb-320c26520f41,
8305d605-4b8b-4264-ae18-731945703b7d,d85b8a0f-2493-414f-83c2-104e0165098b,
8305d605-4b8b-4264-ae18-731945703b7d,24d019a6-c143-4f12-b2d7-cfefebeff372,
8305d605-4b8b-4264-ae18-731945703b7d,85e31659-2b0e-4b72-9931-6e85c402fea3,
8305d605-4b8b-4264-ae18-731945703b7d,d640d6ee-a897-4ef3-ad94-d68bd1f73794,
8305d605-4b8b-4264-ae18-731945703b7d,d7083db6-ad29-4d3e-89a1-1f2514e07cd7,
8305d605-4b8b-4264-ae18-731945703b7d,c19421dc-3069-44a5-b406-2c125e14c6f4,
8305d605-4b8b-4264-ae18-731945703b7d,a5038895-c4ed-4b37-a481-5f2e2f8731da,
8305d605-4b8b-4264-ae18-731945703b7d,47a53db9-c5c6-43c5-9fdb-6decb3062f93,
8305d605-4b8b-4264-ae18-731945703b7d,fbab5682-acf6-470a-877c-5e39666bd676,
8305d605-4b8b-4264-ae18-731945703b7d,c3ebf37b-35cb-4182-abbd-13dd7974ba7e,
8305d605-4b8b-4264-ae18-731945703b7d,70e2d124-43af-470b-8750-555a5027caa4,
8305d605-4b8b-4264-ae18-731945703b7d,7c4a0636-3092-498c-ac19-f7fba3c5eadd,
8305d605-4b8b-4264-ae18-731945703b7d,fa9b9468-31d1-43be-8bff-75ecc0f39205,
8305d605-4b8b-4264-ae18-731945703b7d,4735662f-8946-4852-910b-02c6aa472d04,
8305d605-4b8b-4264-ae18-731945703b7d,93e032ef-f9b6-4bc3-80f8-36e306c7875f,
8305d605-4b8b-4264-ae18-731945703b7d,63045c3b-3781-42c7-aeab-9ab6186c770e,
8305d605-4b8b-4264-ae18-731945703b7d,e46487c1-e3d8-443b-8c77-f8aebad3d66b,
8305d605-4b8b-4264-ae18-731945703b7d,8c2367f8-c00a-44ac-ae53-364328f3f9b1,
8305d605-4b8b-4264-ae18-731945703b7d,ac96da1d-631a-420b-8502-945d2426f265,
8305d605-4b8b-4264-ae18-731945703b7d,4e26a8a1-eea6-4c02-834e-4be89ba3b5b6,
8305d605-4b8b-4264-ae18-731945703b7d,5288650e-682e-435b-8eb9-90bbf9d1459b,
8305d605-4b8b-4264-ae18-731945703b7d,b5cb8fd1-3aea-4c4f-839f-85afe23005d4,
8305d605-4b8b-4264-ae18-731945703b7d,4314488b-a9fb-4b52-86fe-960327163881,
8305d605-4b8b-4264-ae18-731945703b7d,18d1f03e-46a8-469c-849f-92926656fd7a,
8305d605-4b8b-4264-ae18-731945703b7d,95c7a416-961f-4b82-a9f2-07d381122715,
8305d605-4b8b-4264-ae18-731945703b7d,cab80e23-b4a3-4faf-81e5-ce20f533c6fb,
8305d605-4b8b-4264-ae18-731945703b7d,f754a6f0-c881-4d5d-b6e7-1d35769c5217,
8305d605-4b8b-4264-ae18-731945703b7d,d014595d-155c-409c-82d9-d332247a4b82,
8305d605-4b8b-4264-ae18-731945703b7d,a712d64b-2254-4878-aab7-9194db3c0c20,
8305d605-4b8b-4264-ae18-731945703b7d,ca8acfdf-b1bb-40ee-8636-418c70e1c6b2,
8305d605-4b8b-4264-ae18-731945703b7d,e5cc5892-1126-48f2-ba4b-427e0b301f58,
8305d605-4b8b-4264-ae18-731945703b7d,d9408af5-f61f-491f-a497-ff2846e1717f,
8305d605-4b8b-4264-ae18-731945703b7d,62ac76f9-a7f6-49d0-9a1d-f209b0f86573,
8305d605-4b8b-4264-ae18-731945703b7d,c6204b59-5bc1-48f5-a8e7-f92bf9cacdd6,
8305d605-4b8b-4264-ae18-731945703b7d,31464297-bd42-47a5-977c-9bce555a32d0,
8305d605-4b8b-4264-ae18-731945703b7d,a45a16f1-58d7-40d0-9382-260b9d5cb595,
8305d605-4b8b-4264-ae18-731945703b7d,7fe4ee06-0773-45fb-bd27-05cf5578c9b4,
8305d605-4b8b-4264-ae18-731945703b7d,5273cb23-85d5-4107-9716-d16bc1723d0c,
8305d605-4b8b-4264-ae18-731945703b7d,28c2381e-6b9a-49f0-9853-d449ce24637d,
