RefId,ArtifactId,AppUserId,CreatedDate
fd92311e-8311-4693-9ff8-235e06e16894,9,2,0001-01-01
5423de84-434f-4a1f-abcb-87f7cbe93fff,64,2,0001-01-01
ac3c7562-087b-440f-8e23-3d51e74ffe9f,65,2,0001-01-01
33b6f8b9-01bc-415d-a87a-ca66a746e3b6,120,3,0001-01-01
10f3f9c6-5857-4c52-851b-6fe32ff850ab,176,3,0001-01-01
89a2ad59-7231-4081-bc02-1970ae847d74,180,3,0001-01-01
c7762a17-1fac-4962-8b19-90eec803900e,183,3,0001-01-01
c7762a17-1fac-4962-8b19-90eec803900e,183,5,0001-01-01
50a4720d-a4af-4de9-b106-a4a9758382fd,207,3,0001-01-01
50a4720d-a4af-4de9-b106-a4a9758382fd,207,5,0001-01-01
863e57aa-266f-419f-ad02-8405706e7ff1,208,3,0001-01-01
d86e6329-8fad-4bfa-8f12-466babdb3572,212,3,0001-01-01
78ca1688-a6ba-496e-82e4-a7b0fe218f48,225,3,0001-01-01
8bb91223-37fc-4947-bfca-c22075011ddf,231,3,0001-01-01
4c8fd359-16ba-45ec-9150-590794f96791,253,3,0001-01-01
fa3e6e6c-9f6a-4d54-ad03-71b8e355beee,257,3,0001-01-01
53c153d8-76fb-4f55-b2ab-f63608b338de,267,3,0001-01-01
aaf1b8eb-b77c-4bf2-8a07-35350edffb40,304,3,0001-01-01
3d892b89-d664-4992-97e6-8a0d3b49701a,315,3,0001-01-01
1c450b47-50e2-4e8a-a378-715a251b8ed3,323,3,0001-01-01
e0c63980-fc7e-447f-bf1d-c461d516e6ce,325,3,0001-01-01
fa10273f-8086-4e23-a77e-4ebd33223ead,336,3,0001-01-01
01a49d46-0c3b-462b-bdee-00d77543a0c0,343,3,0001-01-01
dc5fb001-353c-4610-b1c2-56ee9c1b7405,374,3,0001-01-01
006c4aba-570e-456f-b365-a2de683730ee,375,3,0001-01-01
ae604c81-1e1f-47a4-bc02-891f40bceb0d,377,3,0001-01-01
7efb5330-6452-4c84-8198-d7e11ec099ea,395,3,0001-01-01
4733fc2c-1e70-4765-8a07-4ecf87d1ea94,403,5,0001-01-01
932390bc-96c3-46d2-b95d-81bd8026938f,406,3,0001-01-01
b99f9a26-27bd-4d23-b4ab-adfff568fb04,410,5,0001-01-01
acd69fd0-958b-409a-a508-4e3b81135486,418,3,0001-01-01
098ef1c2-9db3-470f-a858-743307dfa5cd,423,5,0001-01-01
dc82ff4d-a623-4675-b8c2-ecdc839ad82f,446,3,0001-01-01
dc82ff4d-a623-4675-b8c2-ecdc839ad82f,446,5,0001-01-01
627540d1-b3e5-4e94-b83b-0064d3f65871,448,3,0001-01-01
6a0fe9fa-485e-46e2-8880-513582d5350b,458,3,0001-01-01
c668e24a-44e9-457d-bd83-a0631790746b,460,3,0001-01-01
710e9f41-d854-4961-8242-3cbbc9b0f706,461,3,0001-01-01
3c188f48-0600-4bf4-b1bc-8ae8831b38a6,462,3,0001-01-01
fb1dafde-a5f1-4776-9a00-2aa0b3a4a124,466,3,0001-01-01
fb1dafde-a5f1-4776-9a00-2aa0b3a4a124,466,5,0001-01-01
d75b146e-d238-4a72-9e42-8bdf7abdd72e,474,3,0001-01-01
ebda0483-7ff7-477d-b095-4c31cfb2daf3,479,3,0001-01-01
76b04efc-a840-45fb-bab1-a47ef4865727,484,3,0001-01-01
76b04efc-a840-45fb-bab1-a47ef4865727,484,5,0001-01-01
05b0391e-0117-46ec-8245-9a7aff10fce7,488,3,0001-01-01
f4e78f72-c529-4267-a926-0eaf45f895f5,497,3,0001-01-01
a77dbd45-15e3-4381-9137-8233e2f7b3e6,508,3,0001-01-01
92fb7138-667a-48ca-8815-271799dcb203,510,5,0001-01-01
11807c21-85b7-451f-845d-e9812a444aed,513,3,0001-01-01
6a465d2f-f149-43a6-b348-3e80c3acad29,526,3,0001-01-01
7fa24b75-b42b-45ce-8b30-fc8a7b7b8ce0,543,3,0001-01-01
8e38642c-6b7d-462d-be02-ab92f5b54506,567,3,0001-01-01
e26813a3-5188-4394-8cd3-398001b68071,568,3,0001-01-01
7e178289-d860-441c-8126-c81fc2c5dd09,580,3,0001-01-01
b0642632-f164-40f3-8688-dbf8a0f228d9,597,3,0001-01-01
f230c23f-4389-4cce-86a5-1f05d9bc6a86,608,3,0001-01-01
12706e1c-5a79-42b4-b12f-c3eb47aa9b05,609,3,0001-01-01
b72b635f-6d7b-488a-8cb3-7ba6c1c99f7a,611,3,0001-01-01
2598dd73-d845-4a08-b190-33faf3a7963b,614,3,0001-01-01
79037105-5ac9-441e-b265-082859cd1d1f,615,3,0001-01-01
bc3ada5b-de5a-43c6-b7fd-8013575f1a81,636,5,0001-01-01
7a7737c4-8b0e-477d-93ef-37b5fa3e8f61,678,3,0001-01-01
e27f8eb1-06ed-4e2b-a678-85b57534d104,679,3,0001-01-01
89e03bf8-0f76-4a13-b1cc-61fcf3edfd7b,777,5,0001-01-01
9fab372f-39da-4147-8df0-c6a415cbb881,876,3,0001-01-01
850afb9b-9ecd-45f4-a032-eb89429a2509,891,3,0001-01-01
6a69d305-ca96-4979-94b0-2bf3d3a50ca9,892,3,0001-01-01
c26aa0e0-2511-495d-beaf-f2980afea775,894,3,0001-01-01
fa9a2cd2-fcb7-4d8d-bb0c-c62c6bf046f3,900,5,0001-01-01
0400eb5b-e624-4999-b034-b9b8323f9856,902,3,0001-01-01
48ae1a26-cc5a-416b-856e-a3aeb9083484,903,3,0001-01-01
e8b8e61e-621c-4001-9589-fb4b68a450f0,909,3,0001-01-01
de7fb5ce-02d7-4d29-9ac2-0678ef464385,912,3,0001-01-01
0f93aca8-d927-4607-b750-2a9f3ffbaeba,913,5,0001-01-01
3d2a8c51-46b2-4cb3-8950-b5acb1f37da7,920,3,0001-01-01
897ef60b-101e-4c99-96e5-af180b7eba33,938,3,0001-01-01
f4fd279a-ff69-4ad4-81f5-c492b08dd92a,940,3,0001-01-01
cad5cf46-5b2b-4051-92d2-659454778ea7,949,3,0001-01-01
c11b84ca-ea4d-4175-9615-5922c6429457,966,3,0001-01-01
0fcd69f3-c211-48e0-aa3c-769649b1c95c,972,5,0001-01-01
ddbc200c-f583-4894-9c22-9f6981482b5e,1034,3,0001-01-01
4f948e35-6011-4602-91ee-3dc451b05e30,1038,5,0001-01-01
6f899819-159e-4d65-ae7b-493c112ed447,1057,3,0001-01-01
256648d6-e3b2-459b-bee0-ebab71e947a1,1058,3,0001-01-01
51cf8fa7-8f31-4784-8759-d5b3f4756f35,1064,3,0001-01-01
d72095d7-b27a-4ec5-adf1-d6406a69cf6f,1066,3,0001-01-01
e852278a-863f-46c5-b90c-c7aa25769ac2,1070,3,0001-01-01
69afd98b-d6a4-4fd4-80ed-be40fddebea3,1071,3,0001-01-01
9c134dbd-8a66-4f24-996e-70cceeca3cbd,1087,3,0001-01-01
9c134dbd-8a66-4f24-996e-70cceeca3cbd,1087,5,0001-01-01
4c22317e-b4e2-4b87-9327-8e8b0ca8afc1,1103,3,0001-01-01
21ae54a5-f2e9-4a8e-ba87-35b68f8274ec,1105,3,0001-01-01
9c9d149c-3e12-4151-a137-9fcaae293f2e,1109,3,0001-01-01
ad0de009-1f16-4788-9961-9743ee78336d,1111,3,0001-01-01
fc6500db-39fb-4b68-991c-20fa2c944687,1117,3,0001-01-01
936e1a03-b3ff-42f2-8f89-de2cad09c796,1134,5,0001-01-01
936e1a03-b3ff-42f2-8f89-de2cad09c796,1134,2,0001-01-01
21cb6bdc-338c-4e5f-a71c-e5b2e3b50f2f,1181,5,0001-01-01
6f6b8559-3f81-4001-9769-8cf9d5523196,1191,5,0001-01-01
95933ca4-13cd-4b28-af94-9881dad23218,1231,5,0001-01-01
8b676547-7e8f-4d16-801f-9b4c7809d27c,1243,5,0001-01-01
842069f3-cb16-47bb-9330-386ce61e8f17,1276,3,0001-01-01
5c92ff50-53f1-4d7d-bc48-056cd8772232,1278,3,0001-01-01
57c08894-f31c-4e51-a58e-513ed18a258e,1281,3,0001-01-01
6a7525b2-ab42-44d8-a132-50af17b439b1,1282,3,0001-01-01
5bba1f8f-7be5-4da9-85c5-807e773e2572,1285,3,0001-01-01
ddff5a4f-e5b3-4608-90c1-3144d2c641a1,1287,3,0001-01-01
b8eb1657-7eec-4b71-92f7-dac78ea16195,1288,5,0001-01-01
ece81ed5-9310-41d9-b69b-5352404aa217,1639,5,0001-01-01
9e1f860b-3d55-4a3f-ab22-c2cfaca91238,1674,5,0001-01-01
5c047df7-7ece-4343-a506-31e5119ad1f4,1696,2,0001-01-01
bcf3027f-67b2-4e60-a1ab-2a984f19ad5a,1716,5,0001-01-01
20b4d8a5-5566-4834-b166-621a359c4967,1799,3,0001-01-01
aeb39f13-1bb4-4176-80ee-23e32f6ef4ce,1800,3,0001-01-01
8c3ac4c0-1538-489f-9533-1c373de470aa,1803,3,0001-01-01
c58e4540-0649-43ed-8c7d-9a3543b1716a,1805,5,0001-01-01
d67c740d-7f1a-4375-9735-75f8c4bedfcb,1816,3,0001-01-01
d67c740d-7f1a-4375-9735-75f8c4bedfcb,1816,5,0001-01-01
a1b3b42d-3261-4dbc-8cb3-f956c517a9c4,1819,3,0001-01-01
ee6ef108-81f2-4bf8-9440-d7f429de7c71,1820,3,0001-01-01
d937804e-b5c9-4690-a5a2-82fd79f69c02,1821,3,0001-01-01
2eeb8e20-6045-4d30-b84e-d8b92447c221,1829,3,0001-01-01
342e9c44-2781-4137-9070-2e072998a932,1837,3,0001-01-01
8d630dfc-28c3-47ac-ae6b-31330f0570ee,1843,3,0001-01-01
fd23ea6a-16ba-482f-9540-3886afdf186a,1844,3,0001-01-01
b6182193-711f-4777-b2a0-6c5df01f3538,1849,3,0001-01-01
b6182193-711f-4777-b2a0-6c5df01f3538,1849,5,0001-01-01
05d0ff18-30c8-461d-b08c-d7902fe83273,1850,3,0001-01-01
abb99348-38d2-40ed-b6f3-a73bf00f4b36,1851,3,0001-01-01
1f079ebd-2dfa-4220-b770-bb408fe6cf6c,1852,3,0001-01-01
67ccf156-9959-46f2-b08e-5709267c5aaa,1855,3,0001-01-01
4c7ed1a7-5503-497f-bebd-9863ea1dbf57,1859,3,0001-01-01
301c6ff4-05d2-49dd-b2d4-4ba42453b500,1863,3,0001-01-01
e10128d9-df72-4f6f-9b05-9c10cf6df313,1864,3,0001-01-01
8dd6b9fb-8ad8-45aa-9fdc-d4eeb4620828,1869,3,0001-01-01
8f42be7c-04b9-4d45-bcba-fe6ba97cb9ed,1874,3,0001-01-01
82b10d42-4a13-4009-bf8e-639518598fe2,1875,3,0001-01-01
93597ecc-6c9c-4a54-b35f-bc14acc79703,1877,3,0001-01-01
4583b6f3-564e-49a7-b7ae-263da0ffbf93,1882,3,0001-01-01
d9b6c5b5-5a65-44aa-afd7-6e57004dfdd9,1885,3,0001-01-01
127d1ca0-310a-445c-9065-f64f0c04adb8,1898,3,0001-01-01
8c636102-eabb-4e83-8502-a50776df743a,1901,3,0001-01-01
a55864a1-76d5-49c0-be33-26fe5d9c16ea,1903,3,0001-01-01
621e9945-e2ea-429a-9fbf-03f4572ebbce,1912,2,0001-01-01
6cf295d8-719c-4315-b7b1-08795af9ec23,1941,3,0001-01-01
f0fc9182-7380-456c-bc13-0690ab5917de,1942,3,0001-01-01
89388d8a-e64d-45ee-b7ff-8e9c4b77d7ab,1943,3,0001-01-01
da90aa8f-6995-4ded-baf2-13707f9f5696,1951,3,0001-01-01
514455be-5a44-404e-a917-6850e15a60df,1953,3,0001-01-01
0718363a-b2b8-42b9-b2a6-a8668f0423e1,1954,3,0001-01-01
2cad692d-8e15-4f72-bfb6-ead6200c1487,1956,3,0001-01-01
f1eb35ac-dbd1-4b47-8e34-af00b8d72e86,1961,3,0001-01-01
72e0a8da-03bd-413b-b082-65dbe1e95214,1969,3,0001-01-01
a5743deb-6b76-4d8e-a3c5-948da134cab0,1974,3,0001-01-01
2da850ea-65ca-4c2c-8cc2-f260c23d1060,1993,3,0001-01-01
aa7efd4d-736f-4c35-bc6d-dd841dda7e71,1997,3,0001-01-01
0df51302-962a-40b5-8aad-869b96072f5f,1999,3,0001-01-01
e158b3a6-bb5d-4db9-acac-5ef6c2dcb961,2003,3,0001-01-01
70e43414-f097-4f50-a644-7a4c408b461d,2004,3,0001-01-01
82f3d7fa-4ab3-45e3-8101-6e3ce6a2f0d9,2007,3,0001-01-01
e64772aa-6c47-4f44-9d84-8b1e4750ac34,2009,3,0001-01-01
d48e4aa5-17eb-44bf-a0ab-0cb49445272e,2014,3,0001-01-01
2c123851-0ab1-4d2d-8cbc-5171c9c6bdad,2016,3,0001-01-01
0cd28c80-ac9b-4e28-ab39-dde807465aaa,2077,3,0001-01-01
071284f8-ff85-4fcb-b727-b676dfbc4a81,2080,3,0001-01-01
f28be703-af17-42ac-8ab0-5ed3b6a072c9,2090,3,0001-01-01
f34819de-3ada-418e-899a-d3195daf95ce,2095,3,0001-01-01
e650e562-7d96-411f-a1d3-8cd57f533b9e,2098,3,0001-01-01
e4ab051b-bc42-41c5-a4c5-9950eb200754,2104,3,0001-01-01
2ae334f4-db52-4e82-9afd-bafbf7fc366e,2105,3,0001-01-01
9230fb8f-afcc-4446-b98b-d6ce86831eb4,2113,3,0001-01-01
9d3580df-7ce7-42fc-871c-4b49a5057e31,2125,3,0001-01-01
c67328ae-776b-4278-8881-ff3eb965fcb5,2127,3,0001-01-01
d9c7c78c-c0fd-4a0c-bd71-1eae54306109,2148,3,0001-01-01
a3aec08d-3d6a-4107-971a-cc853e45c3ef,2152,3,0001-01-01
5d18d979-5cf8-4b04-9686-65a2c5aedcf0,2177,3,0001-01-01
92d031f2-728a-4fef-be04-5fe42a90f451,2179,3,0001-01-01
d54d2506-0827-4d0e-8a4d-471fd2c6923a,2193,3,0001-01-01
72b4af85-a8b2-401b-82f9-16cfeff11fa3,2194,3,0001-01-01
69b9aa60-e68e-463f-acc8-e0f1cccddfde,2196,3,0001-01-01
54179790-a044-446c-9bae-742fd4f64ad7,2197,3,0001-01-01
2f41d671-4fe2-480f-9dbd-ba049e9e1c90,2198,3,0001-01-01
f096953e-531b-4c31-aaae-f03c2dfe7ec9,2204,3,0001-01-01
5a8d3a71-b511-4b47-9a66-a38cc74e08b4,2220,3,0001-01-01
89fb6e13-505c-4e1b-b586-4a55557a5a4e,2223,3,0001-01-01
e33bc0bd-336d-4353-9045-e90dff27b3da,2227,3,0001-01-01
fcffcb9d-17ee-4e42-abec-655903b376ca,2243,3,0001-01-01
b0b6b697-2417-4005-955d-169aa088e3a7,2244,3,0001-01-01
65e8760e-c2e7-4897-a48f-66c170aa2ecc,2275,3,0001-01-01
e9fa4d98-81cc-461d-9b74-f3c5149ba96a,2324,3,0001-01-01
dad9830c-62be-466f-9b3c-cb940d8bc094,2401,3,0001-01-01
0eea01e4-7da6-4982-b996-a0480e2fb4ac,2517,3,0001-01-01
724ce14a-1920-47fe-bef8-4429f17d9b1e,3051,2,0001-01-01
be16314a-a2b7-4548-b49c-cd89968abb3b,3368,3,0001-01-01
20777c2f-52fe-4ca8-822c-e42868d1a354,3371,3,0001-01-01
c54442e5-7781-4f1e-8c26-93cf901dac96,3374,3,0001-01-01
35a4160a-1cab-4e20-bf06-c7cfb00c3968,3426,3,0001-01-01
19d8e601-3740-4557-bf8e-eff5887e9161,3483,3,0001-01-01
a1a2778e-d6cf-41cf-bced-a05b3c286e76,3487,3,0001-01-01
90035562-5cb2-476f-a81b-1d4f9040a738,3492,3,0001-01-01
c463ae4b-7e30-428d-9a90-4a82885ec1a9,3493,3,0001-01-01
e1ff33c6-6dca-459e-92d3-96929e3a7273,3499,3,0001-01-01
bac31f4e-09f4-4ea5-8825-71d774ae85d9,3500,3,0001-01-01
dad046ea-ffb5-475c-8d62-c5d3efd30d76,3530,3,0001-01-01
a50c2487-b380-49f4-b449-60ba443d9297,3532,3,0001-01-01
2a1ce647-237d-412e-a643-42d3a12b8758,3533,3,0001-01-01
bd9b6dfe-4de6-4e04-8d0d-91e7a4800795,3566,5,0001-01-01
b03f5caf-8e07-4371-a54e-7cda0f7e0ce5,3567,5,0001-01-01
642277bd-00f7-4393-8325-a720d8344e4c,3599,5,0001-01-01
71b58ee3-f77f-4b13-b456-2cb836c168e3,3600,5,0001-01-01
8cc76104-f829-4526-a4cb-75486086345c,3603,5,0001-01-01
eb12e030-fba4-48db-bde6-e9bdbbb6ca57,3794,3,0001-01-01
7365d300-6bfa-4b83-8101-f4b4d998ee77,3871,3,0001-01-01
7074d134-e07a-4523-9d84-03a8cc581707,3875,3,0001-01-01
0f0f4ec3-64a4-4aed-a363-c5d9c8594840,3884,2,0001-01-01
71c0d3b3-0871-4167-a277-ec3203ce3338,4776,3,0001-01-01
cec818c7-561e-4342-be9e-9ec2a50d4c20,4780,4,0001-01-01
82468f13-20ff-402c-9d44-417815c04f2d,4783,3,0001-01-01
20dbcc03-0028-42f7-9963-cd6d8c1b02a0,4789,2,0001-01-01
58c97475-ae2d-43af-91e4-87b509752e56,4832,4,0001-01-01
0369bb30-984d-4433-b0a3-6f831c3b8916,4865,4,0001-01-01
ec5c5849-04f7-4923-869f-6bcef8eaf09f,4871,4,0001-01-01
fc956cb0-7e84-469f-ab1b-024fd2a56c42,4872,4,0001-01-01
6ecc912b-ba27-4ddd-957b-a1cc7a9f1f5a,4873,4,0001-01-01
ed59ee0b-82fa-4d47-8950-4974d5ef14f8,4874,4,0001-01-01
509b46fc-b279-41c3-9e57-278198b550f7,4930,3,0001-01-01
8d3fe380-dcef-48a7-b69e-8417189360be,4936,3,0001-01-01
e2279b52-efaf-41e4-9933-46211c8dc03f,5064,3,0001-01-01
988da385-5f39-4921-92a3-b2e79c89c316,5097,3,0001-01-01
4bbb39f3-0524-43e5-8cd3-6fd1d04d179f,5109,3,0001-01-01
3e913a17-040d-40c9-bf39-36247b2e0c1b,5112,3,0001-01-01
05a1832c-2bdc-42d3-974f-91d9bf0095ac,5115,3,0001-01-01
3e7d7b05-2df5-4c9c-8855-020ba8c629c7,5183,3,0001-01-01
f3ef62ad-1948-4f61-953b-a234a1d13877,5188,3,0001-01-01
bc55c122-312c-43b3-83b6-c1d8a9b3f59c,5189,3,0001-01-01
7fe4ee06-0773-45fb-bd27-05cf5578c9b4,5373,3,0001-01-01
c6204b59-5bc1-48f5-a8e7-f92bf9cacdd6,5428,3,0001-01-01
31464297-bd42-47a5-977c-9bce555a32d0,5496,3,0001-01-01
8b2840a1-7780-44fd-a4b3-5e825587b4d7,5531,3,0001-01-01
ac96da1d-631a-420b-8502-945d2426f265,5602,3,0001-01-01
a5038895-c4ed-4b37-a481-5f2e2f8731da,5696,3,0001-01-01
2dffa83f-5417-4848-98c8-981a6dd635ac,5740,3,0001-01-01
9a8891e7-b802-48fd-b7da-91bdf6f4c7a8,5749,3,0001-01-01
18d1f03e-46a8-469c-849f-92926656fd7a,5914,3,0001-01-01
d6b5591d-df03-495e-bb60-a172231d4e07,5947,4,0001-01-01
50a37530-9987-4174-ae1a-bf72d8e67f77,5998,3,0001-01-01
70b33b18-7ed4-44fd-b054-ae7be9b0a002,6016,3,0001-01-01
74659169-4e30-4092-b6ea-aa1f11bb05c5,6023,3,0001-01-01
f4c58a19-6a52-437a-8294-f29ddb9c62e8,6026,3,0001-01-01
8819505c-941f-412b-b399-47d85ad53f6e,6029,3,0001-01-01
541cf2b4-42f3-4369-8bcc-3c4d1d66af0a,6031,3,0001-01-01
3036d513-bf0a-4fac-83ef-9a9290ccb40c,6045,3,0001-01-01
a1c81bb5-48b4-4afb-8317-449057c10c9e,6046,3,0001-01-01
2126fa9b-b76a-4d42-8c72-12514d644010,6047,3,0001-01-01
5f0207ba-425f-4a85-a696-03dc44b19661,6049,3,0001-01-01
36997904-dcae-4212-828d-1ca5064b5b2b,6052,3,0001-01-01
2cf28b10-d6bb-4f46-92ee-70b989872141,6053,3,0001-01-01
546cc2c1-3284-4c20-ab67-63ef9f328ddb,6058,3,0001-01-01
a1161fb6-fcd5-4423-a5db-67a695e200f2,6059,3,0001-01-01
853910c2-7582-4c63-96e8-f25665aa33cb,6062,3,0001-01-01
419fd587-bb98-46e5-9e47-48d1beed2a77,6072,3,0001-01-01
95163016-95e6-4b47-90af-ef579dcea879,6073,3,0001-01-01
5a95dc92-a6cc-4eb6-9254-d179d831c8aa,6076,3,0001-01-01
663e5715-328a-4cc3-a1e2-fb184ceccdf6,6083,3,0001-01-01
579ff00f-3391-4b58-bd63-4d847a32875e,6086,3,0001-01-01
4c82e502-ddc8-462a-9f3f-8b9052a4bc72,6088,3,0001-01-01
fce39dae-20d8-4f52-9d33-7aad9773f669,6092,3,0001-01-01
d05f7480-1d78-4e3d-8add-112693f0295f,6114,3,0001-01-01
1da2548f-cc91-442b-934e-044107565979,6186,3,0001-01-01
67f1a436-5534-4c77-a78f-c393df6ef05f,6188,3,0001-01-01
07545a71-f962-4644-b1e6-f87fc4bf8e03,6189,3,0001-01-01
88935c3f-fb7c-44e9-98b7-dcba3dcaa9c4,6194,3,0001-01-01
4589f7ec-b3ef-4a2a-8f5a-b467c240f41e,6196,3,0001-01-01
7feb6710-977a-4731-af15-ace85d21c405,6201,3,0001-01-01
3a5ff966-446a-4366-ad1f-de6f4372a3c3,6202,3,0001-01-01
73f183d0-e617-4c53-9f90-a4b403493920,6203,3,0001-01-01
a1586b53-c2f3-43c2-bbc0-b2e7d44de89c,6209,3,0001-01-01
82eea26a-5931-4b08-8b5c-a5757f172c95,6212,3,0001-01-01
622cf164-eb69-4442-a618-2b2b272cc84b,6218,3,0001-01-01
ff6bda8d-1b78-49e3-bb75-196fbb45a775,6220,3,0001-01-01
5865d345-d625-4164-85bd-ffa47e290442,6221,3,0001-01-01
77853416-1c1c-4b13-a3ad-d27206eb092a,6226,3,0001-01-01
8289e61f-addd-453b-9243-4c472e830d6a,6253,3,0001-01-01
f06dbbe9-ffe9-4842-8a36-92f18867fc83,6254,3,0001-01-01
c38d0319-2736-46b6-9314-0769be21c174,6273,3,0001-01-01
b71f4027-7d0d-4cef-b0df-e23517cc467c,6278,3,0001-01-01
c018db6f-6e71-488b-ae38-91a487edef07,6282,3,0001-01-01
b20eb9fb-7328-4e69-b41e-39844067c1aa,6285,3,0001-01-01
646295c6-3228-45e4-9c89-6c0618a64eb7,6287,3,0001-01-01
a97698e0-60df-4d95-82c9-82191618551f,6288,3,0001-01-01
23e0edf8-0fc0-4b66-8842-4c8bf018a78c,6300,3,0001-01-01
8b975c59-165e-4413-a528-fe0d5dbc1542,6303,3,0001-01-01
2eec7483-f4b0-44af-91bf-a959fe21a551,6305,3,0001-01-01
ff599df9-b226-4487-bc71-872500324889,6308,3,0001-01-01
2843942b-b06e-41a8-9630-16edb7c7f10e,6313,3,0001-01-01
de364b18-ee76-431a-9b74-170a592bdb2c,6316,3,0001-01-01
86cf599c-07fa-4fc7-9fd5-5fdcc80a3564,6318,3,0001-01-01
8537cdf9-71c0-4cb1-986d-ef619ca2e9ec,6319,3,0001-01-01
d6ce62cd-2667-4dee-a988-58880875496c,6322,3,0001-01-01
06ef0238-64aa-4803-9cbe-e6703c240cd2,6323,3,0001-01-01
6b2a15ce-93b2-4af1-bfd6-30b82d531242,6324,3,0001-01-01
567fc285-2f8e-4918-b430-640928179804,6325,3,0001-01-01
1f20e272-526d-480c-89e5-a4676f5d26c3,6326,3,0001-01-01
30ecb3b5-e1dc-4372-84cf-87ea19749487,6327,3,0001-01-01
f38f161b-ffc0-4e25-a0f6-f9059d3c54dc,6328,3,0001-01-01
2cb538e1-8a61-474a-aea5-ff0b838a478a,6329,3,0001-01-01
146e9bd4-6482-4d7f-b7ac-094d368185d5,6330,3,0001-01-01
2f12bd2b-7709-4e81-94a0-87d162ca1972,6332,3,0001-01-01
273d30da-af13-4e28-8584-8a3069bf4f57,6333,3,0001-01-01
f32b7c62-2ca4-4a32-9d69-9d4569d5f13b,6334,3,0001-01-01
2f7685a8-5c6b-46f0-87c1-39160119e588,6335,3,0001-01-01
59340e21-cfd3-4c91-9970-12dea949553a,6336,3,0001-01-01
e16ad834-2648-4ce2-b044-d11481c18352,6337,3,0001-01-01
eeec6891-1500-4302-97ad-b133789bb907,6338,3,0001-01-01
c850a3b8-59ff-4ef5-8999-f17edb1e23d8,6343,3,0001-01-01
7d615872-7cd5-4bb1-8626-4f8908677c00,6344,3,0001-01-01
b677249c-6735-48b2-90d9-71388c9b9b87,6346,3,0001-01-01
0782403b-9521-4fa7-8b0e-41bcf9a41ae1,6347,3,0001-01-01
c8fa8b51-f97b-40a7-b4b5-679a227071ee,6348,3,0001-01-01
c5757759-958e-4c29-9f77-1db04cc8bf88,6351,3,0001-01-01
1a8595e4-2f48-492a-a03b-36678ec5f60c,6354,3,0001-01-01
ef4c0895-976b-4a62-9c65-1c116d27dd22,6357,3,0001-01-01
b97caf07-f655-4716-b590-44b9e77a18d1,6368,3,0001-01-01
4a219faf-ce8a-41fe-9d35-fb898e87ab9c,6369,3,0001-01-01
5d90d812-276b-4b0e-a1f0-ff19daffdcdb,6373,3,0001-01-01
dd11272d-ff75-47ec-8a39-909637a7acfe,6375,3,0001-01-01
07f0c8d9-1914-4522-802a-fa7f5db8a962,6376,3,0001-01-01
5dfd6df7-8753-486e-988d-6ef4ce9f1b24,6378,3,0001-01-01
de49c877-5a44-4db2-af37-8cab08f4cc25,6380,3,0001-01-01
4b8c160a-81a2-4ce2-a7ad-09e698847326,6415,3,0001-01-01
29d38e99-7d46-42b3-886d-f3e397253f8a,6503,3,0001-01-01
fad9b109-adf8-48f7-8b25-81ba8bd0c330,6540,3,0001-01-01
702b0bbd-7dd9-4a93-b1e8-362fedd4fd9d,6549,3,0001-01-01
57a7e36a-fe53-4928-98be-484790f7fd61,6552,3,0001-01-01
135d2433-a79f-4aec-a63f-a68db999a451,6560,3,0001-01-01
d863c5ae-3954-42fc-9dfb-975581b5857b,6576,3,0001-01-01
bfeee12f-f701-45ee-b8cb-55038f91a7a8,6582,3,0001-01-01
674deaa5-0519-4a27-83ee-ff70cca81edf,6585,3,0001-01-01
5763781a-e05a-4074-9aae-0ad46d3b71ed,6586,3,0001-01-01
e5a986c1-07ff-4d8b-9236-22331a3495a0,6587,3,0001-01-01
b35e2cd2-d78e-4dbd-a1f7-6b4cdd3672f3,6590,3,0001-01-01
2336a595-66b7-40be-a21a-fc5b1c2986f5,6591,3,0001-01-01
9cf5996b-d1e2-47ce-85d6-e5f3e78be78f,6592,3,0001-01-01
99cacfbe-0a00-411b-918b-574a6557b5fc,6594,3,0001-01-01
34115676-2d3f-4135-b59b-d725c08da171,6603,3,0001-01-01
1ceab74f-7252-4934-babc-07c9377cdd7c,6606,3,0001-01-01
d7714d4d-5698-4a34-b914-d6e10e9e3164,6607,3,0001-01-01
2e4cab2c-206e-4c86-8481-19e463f578ad,6610,3,0001-01-01
9edcea52-9ded-4e42-932d-ce29be8ad622,6612,3,0001-01-01
fc7f30fe-36ce-47a1-b70c-7da79b758c36,6613,3,0001-01-01
364afbd4-ca20-4d84-9e2f-e0a93cf9d327,6619,3,0001-01-01
a4cf20b2-1928-4736-a07b-e07059be1f3d,6623,3,0001-01-01
bde3b116-f764-4775-bd53-b77b7aaa58d3,6635,3,0001-01-01
b60583c7-722f-4a6c-acb0-bb9e98ed8e90,6737,3,0001-01-01
0af3818c-d2a9-4fdb-8dea-1ae5991a2640,6738,3,0001-01-01
1f83eaa0-b426-43e4-87d2-6add0bf953ad,6739,3,0001-01-01
477122f9-0158-4cc0-a77f-160df58f6a3b,6740,3,0001-01-01
9c00f05b-8dc8-450b-81c4-16f065792fe8,6741,3,0001-01-01
2d2ca4cc-7f01-4943-b014-bfdbd418e17f,7093,3,0001-01-01
ba40c184-df95-4036-9023-90d2c169166b,7121,3,0001-01-01
68562611-034a-46bd-bba1-6baff17f93b8,7194,3,0001-01-01
b13c531a-810e-40ac-a4ab-0e10e14c8846,7198,3,0001-01-01
c42ba1f2-8499-4d21-ab6b-4ae01541fc67,7199,3,0001-01-01
b3af1a0a-2fcb-43db-9666-861ce25bd674,7200,3,0001-01-01
13c89890-0ebe-4f5b-9839-515b0cafcc39,7227,3,0001-01-01
52169300-8792-49a0-b79e-dbc5d4b3f4fd,7264,3,0001-01-01
34b2936a-918d-48f9-8539-b15de3cf936b,7267,3,0001-01-01
40f3cfcc-a9a3-40b9-910f-6c60de6cbc44,7276,3,0001-01-01
36bf5326-1ba3-4157-81e2-5511b9f1aa53,7279,3,0001-01-01
4c18ce3f-357f-46f4-9c33-def1a69d605e,7338,3,0001-01-01
3545e7e3-8e90-4c48-b891-a9c3ba005bd5,7357,3,0001-01-01
9b967ff5-9eaa-45a3-bc14-88693e5c7fea,7360,3,0001-01-01
1a5788f6-08c3-4df3-8ad4-f59d8876e233,7361,3,0001-01-01
6640b639-bbcc-46a9-9e54-d6eccfb32710,7370,3,0001-01-01
6104260f-f2a7-4221-8c12-2a92fa79e6a8,7366,3,0001-01-01
10700b76-6aa3-4313-8e94-46bfe6444fda,7367,3,0001-01-01
045b2f0b-0812-44d6-b3de-4d79c417d110,7369,3,0001-01-01
fc0e3f84-ce6f-4cb0-a5eb-5ba7c6ebd9dd,7372,3,0001-01-01
9c5c0a83-9486-4c4a-a1d7-3d3571a745e9,7374,3,0001-01-01
f9482171-9e02-4629-956d-3a62787a65d7,7375,3,0001-01-01
2ce962cd-f92a-431b-a05b-5db8e1f8a7e4,7377,3,0001-01-01
c52d5a9c-1c10-4fd9-80d2-03c73f49640e,7379,3,0001-01-01
db3ee433-f918-4a48-830e-2ff9f2f882ae,7385,3,0001-01-01
aa4f2bd0-c043-4330-82a0-49d091c7cb99,7386,3,0001-01-01
03530270-39d1-421a-86ed-63b988078061,7389,3,0001-01-01
6c651410-7ba9-4345-bb7d-012048b9a0ae,7383,3,0001-01-01
37696d4e-7895-4419-9b91-d89378b4ca0b,7382,3,0001-01-01
8ea49d64-c06a-4b83-86dd-6ec39cf83a7a,7391,3,0001-01-01
c08ede4f-38a3-441e-a5d5-ce60c3921642,7392,3,0001-01-01
6ee91396-f50e-4fb4-a9ff-512fe2d55ff9,7397,3,0001-01-01
0052fb45-62bf-4183-b3f6-56b8af2682df,7403,3,0001-01-01
89c334cb-c612-4bee-9dfa-341876163b19,7406,3,0001-01-01
9fb04b4c-5002-4c18-8498-405f5d53f484,7399,3,0001-01-01
fa56447a-265e-4295-918e-fb5c0c3c8daa,7409,3,0001-01-01
cd173d69-fd8f-4cd0-aec5-d85ca02bea2f,7411,3,0001-01-01
32fef4ca-b47b-4b53-914b-697e16f01791,7417,3,0001-01-01
9ba7bd2f-0391-4fa8-9c22-b55697c09f37,7418,3,0001-01-01
772ca1fb-7375-4aa6-a066-cb64e50550d0,7421,3,0001-01-01
1a5f9551-a94e-4b77-84b6-176270c1abd2,7420,3,0001-01-01
5abd2bf9-772c-4574-849d-4230cab69588,7425,3,0001-01-01
9d3e3bc2-766a-487c-b85d-68e6ba964ec1,7424,3,0001-01-01
7c8f62b2-7bdd-4bfb-8264-693345825f46,7427,3,0001-01-01
a04d8604-dea0-45c6-92b8-4e433744e899,7433,3,0001-01-01
59223c35-cfee-422d-a312-731fde859c91,7437,3,0001-01-01
8966c255-4e8b-46cf-b081-b3c701c78731,7441,3,0001-01-01
a8cf434a-68a7-4b58-b55c-7eae95f4be94,7436,3,0001-01-01
e3e0a2c0-b907-4494-ac8b-69830affe03b,7454,3,0001-01-01
1194e974-ab9b-4aaa-bd1f-033666faf0f5,7455,3,0001-01-01
6f89ac5a-b9d4-4a84-a60f-41f89a37692f,7459,3,0001-01-01
9521450b-0acf-4c97-80dc-a0f0c4655b03,7461,3,0001-01-01
